"Message",Low,"Démarrage de la compilation .NET Native"
"Message",Low,""
"Message",Low,""
"Message",Low,"Tâche ""Gatekeeper"""
"Message",Normal,"Launching 'C:\Users\gla\.nuget\packages\microsoft.net.native.compiler\1.7.0\tools\x86\ilc\Tools\Gatekeeper.exe @""C:\ProjetsGIT\ionic-plugin-egee\src\windows\_lib\Egee\obj\x86\Release\ilc\intermediate\gkargs.rsp""'"
"Message",Low,"Microsoft (R) .NET Native Gatekeeper, version 1.7.25531.01 "
"Message",Low,"Copyright (C) Microsoft Corporation.  All rights reserved. "
"Message",Low," "
"Message",Low,"V�rification de l'assembly 'C:\ProjetsGIT\ionic-plugin-egee\src\windows\_lib\Egee\obj\x86\Release\ilc\in\Egee.exe'. "
"Message",Low,"V�rification de l'assembly 'C:\ProjetsGIT\ionic-plugin-egee\src\windows\_lib\Egee\obj\x86\Release\ilc\in\Egee.Proxy.winmd'. "
"Message",Normal,"'C:\Users\gla\.nuget\packages\microsoft.net.native.compiler\1.7.0\tools\x86\ilc\Tools\Gatekeeper.exe @""C:\ProjetsGIT\ionic-plugin-egee\src\windows\_lib\Egee\obj\x86\Release\ilc\intermediate\gkargs.rsp""' completed."
"Message",Normal,"Process execution statistics (all times in milliseconds)"
"Message",Normal,"-----------------------------------------------------------------------------"
"Message",Normal,"launch  |  start   |   stop   |   end    | duration | lifetime | [slot] name"
"Message",Normal,"-----------------------------------------------------------------------------"
"Message",Normal,"       0 |       15 |      781 |      781 |      766 |      781 | [0] Gatekeeper"
"Message",Normal,"Number of commands:      1"
"Message",Normal,"Total system time:       781 ms"
"Message",Normal,"System time per command: 781 ms"
"Message",Normal,"Total duration:          766 ms"
"Message",Normal,"Total lifetime:          781 ms"
"Message",Normal,"Requested DOP:           8"
"Message",Normal,"Duration DOP:            1,0"
"Message",Normal,"Lifetime DOP:            1,0"
"Message",Low,"Fin de l'exécution de la tâche ""Gatekeeper""."
"Message",Low,"Génération de la cible ""RunGatekeeper"" terminée dans le fichier ""Preparation""."
"Message",Low,""
"Message",Low,"Tâche ""InjectWindowsRuntimeTypeForwards"""
"Message",Normal,"Running 'InjectWindowsRuntimeTypeForwards' transform, heap at 14 MB."
"Message",Normal,"Running 'WriteAssemblies' transform, heap at 18 MB."
"Message",Normal,""
"Message",Normal,"Transform summary"
"Message",Normal,"    ms | heap delta | name"
"Message",Normal,"   412 |          4 | InjectWindowsRuntimeTypeForwards"
"Message",Normal,"   351 |          2 | WriteAssemblies"
"Message",Low,"Fin de l'exécution de la tâche ""InjectWindowsRuntimeTypeForwards""."
"Message",Low,"Génération de la cible ""InjectWindowRuntimeTypeForwards"" terminée dans le fichier ""Preparation""."
"Message",Low,""
"Message",Low,"Tâche ""PreResolveAssemblyClosure"""
"Message",Low,"Fin de l'exécution de la tâche ""PreResolveAssemblyClosure""."
"Message",Low,"Génération de la cible ""PreResolveTransforms"" terminée dans le fichier ""Preparation""."
"Message",Low,""
"Message",Low,"Tâche ""InitialAssemblyClosure"""
"Message",Low,"Fin de l'exécution de la tâche ""InitialAssemblyClosure""."
"Message",Low,"Tâche ""ResolveInitialReferencesAssemblyClosure1"""
"Message",Low,"Fin de l'exécution de la tâche ""ResolveInitialReferencesAssemblyClosure1""."
"Message",Low,"Tâche ""ResolveInitialReferencesAssemblyClosure2"""
"Message",Low,"Fin de l'exécution de la tâche ""ResolveInitialReferencesAssemblyClosure2""."
"Message",Low,"Génération de la cible ""ResolveInitialReferences"" terminée dans le fichier ""Preparation""."
"Message",Low,"Génération du projet ""Preparation"" terminée."
"Message",Low,""
"Message",Low,""
"Message",High,"Traitement du code de l'application"
"Message",Low,"Tâche ""ValidateSimpleNames"""
"Message",Low,"Fin de l'exécution de la tâche ""ValidateSimpleNames""."
"Message",Low,"Tâche ""McgContractsResolveFilePath"""
"Message",Low,"Fin de l'exécution de la tâche ""McgContractsResolveFilePath""."
"Message",Low,"Tâche ""McgFacadeResolveFilePath"""
"Message",Low,"Fin de l'exécution de la tâche ""McgFacadeResolveFilePath""."
"Message",Low,"Tâche ""FinalAssemblyClosureRootsResolveFilePaths"""
"Message",Low,"Fin de l'exécution de la tâche ""FinalAssemblyClosureRootsResolveFilePaths""."
"Message",Low,"Tâche ""FinalAssemblyClosure"""
"Message",Low,"Fin de l'exécution de la tâche ""FinalAssemblyClosure""."
"Message",Low,"Tâche ""RunILTransforms"""
"Message",Normal,"Running 'Analysis' transform, heap at 41 MB."
"Message",Low,"Loading 99 modules..."
"Message",Normal,"Imported reflection directives from 13 files:"
"Message",Normal,"C:\ProjetsGIT\ionic-plugin-egee\src\windows\_lib\Egee\obj\x86\Release\ilc\in\Properties\Default.rd.xml"
"Message",Normal,"Manifeste incorporé dans System.Diagnostics.Tracing : Resources.System.Diagnostics.Tracing.rd.xml"
"Message",Normal,"Manifeste incorporé dans System.Private.Reflection : System.Private.Reflection.rd.xml"
"Message",Normal,"Manifeste incorporé dans System.Private.CoreLib : Resources.System.Private.CoreLib.rd.xml"
"Message",Normal,"Manifeste incorporé dans System.Private.Uri : Resources.System.Private.Uri.rd.xml"
"Message",Normal,"Manifeste incorporé dans System.Private.Reflection.Core : System.Private.Reflection.Core.rd.xml"
"Message",Normal,"Manifeste incorporé dans System.Private.ServiceModel : System.ServiceModel.Resources.System.Private.ServiceModel.rd.xml"
"Message",Normal,"Manifeste incorporé dans System.Private.DataContractSerialization : System.Private.DataContractSerialization.Resources.System.Private.DataContractSerialization.rd.xml"
"Message",Normal,"Manifeste incorporé dans System.Runtime.Serialization.Primitives : System.Runtime.Serialization.Primitives.Resources.System.Runtime.Serialization.Primitives.rd.xml"
"Message",Normal,"Manifeste incorporé dans System.Xml.ReaderWriter : System.Xml.Resources.System.Xml.ReaderWriter.rd.xml"
"Message",Normal,"Manifeste incorporé dans System.Xml.XmlSerializer : System.Xml.XmlSerializer.Resources.System.Xml.XmlSerializer.rd.xml"
"Message",Normal,"Manifeste incorporé dans System.Linq.Expressions : Resources.System.Linq.Expressions.rd.xml"
"Message",Normal,"Manifeste incorporé dans System.Private.Interop : Resources.System.Private.Interop.rd.xml"
"Message",Normal,"Imported XAML Roots from 1 files:"
"Message",Normal,"C:\ProjetsGIT\ionic-plugin-egee\src\windows\_lib\Egee\obj\x86\Release\ilc\in\Egee.xr.xml"
"Message",Normal,"Running 'Mcg' transform, heap at 225 MB."
"Message",High,"Computing application closure and generating interop code"
"Message",Normal,"  Liste des fichiers .lib :"
"Message",Normal,"      WindowsApp.lib"
"Message",Normal,"      winsqlite3.lib"
"Message",Normal,"  Liste des chemins de recherche de fichiers .lib :"
"Message",Normal,"      C:\Program Files (x86)\Windows Kits\10\lib\10.0.15063.0\um\x86"
"Message",Normal,"  Chargement des exportations à partir des bibliothèques..."
"Message",Normal,"      2875 exportations lues à partir de 'C:\Program Files (x86)\Windows Kits\10\lib\10.0.15063.0\um\x86\WindowsApp.lib'."
"Message",Normal,"      237 exportations lues à partir de 'C:\Program Files (x86)\Windows Kits\10\lib\10.0.15063.0\um\x86\winsqlite3.lib'."
"Message",High,"  Chargement de 99 modules..."
"Message",Normal,"          P/Invoke 'RhWaitForPendingFinalizers' with [DllImport(ExactSpelling=true)] resolved to '[MRT]!RhWaitForPendingFinalizers'."
"Message",Normal,"          P/Invoke 'RhYield' with [DllImport(ExactSpelling=true)] resolved to '[MRT]!RhYield'."
"Message",Normal,"          P/Invoke 'RhCompatibleReentrantWaitAny' with [DllImport(ExactSpelling=true)] resolved to '[MRT]!RhCompatibleReentrantWaitAny'."
"Message",Normal,"          P/Invoke '_ecvt_s' with [DllImport(ExactSpelling=true)] resolved to '[MRT]!_ecvt_s'."
"Message",Normal,"          P/Invoke 'memmove' with [DllImport(ExactSpelling=true)] resolved to '[MRT]!memmove'."
"Message",Normal,"          P/Invoke 'CallingConventionConverter_GetStubs' with [DllImport(ExactSpelling=true)] resolved to '*!CallingConventionConverter_GetStubs'."
"Message",Normal,"          P/Invoke 'GetLastError' resolved to 'api-ms-win-core-errorhandling-l1-1-1.dll!GetLastError' from 'C:\Program Files (x86)\Windows Kits\10\lib\10.0.15063.0\um\x86\WindowsApp.lib'."
"Message",Normal,"          P/Invoke 'RoInitialize' resolved to 'api-ms-win-core-winrt-l1-1-0.dll!RoInitialize' from 'C:\Program Files (x86)\Windows Kits\10\lib\10.0.15063.0\um\x86\WindowsApp.lib'."
"Message",Normal,"          P/Invoke 'IsValidLocaleName' resolved to 'api-ms-win-core-localization-l1-2-1.dll!IsValidLocaleName' from 'C:\Program Files (x86)\Windows Kits\10\lib\10.0.15063.0\um\x86\WindowsApp.lib'."
"Message",Normal,"          P/Invoke 'ResolveLocaleName' resolved to 'api-ms-win-core-localization-l1-2-1.dll!ResolveLocaleName' from 'C:\Program Files (x86)\Windows Kits\10\lib\10.0.15063.0\um\x86\WindowsApp.lib'."
"Message",Normal,"          P/Invoke 'GetCPInfoExW' resolved to 'api-ms-win-core-localization-l1-2-1.dll!GetCPInfoExW' from 'C:\Program Files (x86)\Windows Kits\10\lib\10.0.15063.0\um\x86\WindowsApp.lib'."
"Message",Normal,"          P/Invoke 'CoCreateInstance' with [DllImport(ExactSpelling=true)] resolved to 'api-ms-win-core-com-l1-1-0.dll!CoCreateInstance'."
"Message",Normal,"          P/Invoke '#6' resolved to 'oleaut32.dll!#6' from 'C:\Program Files (x86)\Windows Kits\10\lib\10.0.15063.0\um\x86\WindowsApp.lib'."
"Message",Normal,"          P/Invoke 'CertDuplicateCertificateContext' resolved to 'crypt32.dll!CertDuplicateCertificateContext' from 'C:\Program Files (x86)\Windows Kits\10\lib\10.0.15063.0\um\x86\WindowsApp.lib'."
"Message",Normal,"          P/Invoke 'CertGetCertificateContextProperty' resolved to 'crypt32.dll!CertGetCertificateContextProperty' from 'C:\Program Files (x86)\Windows Kits\10\lib\10.0.15063.0\um\x86\WindowsApp.lib'."
"Message",Normal,"          P/Invoke 'CertGetCertificateContextProperty' resolved to 'crypt32.dll!CertGetCertificateContextProperty' from 'C:\Program Files (x86)\Windows Kits\10\lib\10.0.15063.0\um\x86\WindowsApp.lib'."
"Message",Normal,"          P/Invoke 'CertGetNameStringW' resolved to 'crypt32.dll!CertGetNameStringW' from 'C:\Program Files (x86)\Windows Kits\10\lib\10.0.15063.0\um\x86\WindowsApp.lib'."
"Message",Normal,"          P/Invoke 'CryptQueryObject' resolved to 'crypt32.dll!CryptQueryObject' from 'C:\Program Files (x86)\Windows Kits\10\lib\10.0.15063.0\um\x86\WindowsApp.lib'."
"Message",Normal,"          P/Invoke 'CertDuplicateCertificateContext' resolved to 'crypt32.dll!CertDuplicateCertificateContext' from 'C:\Program Files (x86)\Windows Kits\10\lib\10.0.15063.0\um\x86\WindowsApp.lib'."
"Message",Normal,"          P/Invoke 'CryptFindOIDInfo' resolved to 'crypt32.dll!CryptFindOIDInfo' from 'C:\Program Files (x86)\Windows Kits\10\lib\10.0.15063.0\um\x86\WindowsApp.lib'."
"Message",Normal,"          P/Invoke 'CertGetNameStringW' resolved to 'crypt32.dll!CertGetNameStringW' from 'C:\Program Files (x86)\Windows Kits\10\lib\10.0.15063.0\um\x86\WindowsApp.lib'."
"Message",Normal,"          P/Invoke 'CryptFindOIDInfo' resolved to 'crypt32.dll!CryptFindOIDInfo' from 'C:\Program Files (x86)\Windows Kits\10\lib\10.0.15063.0\um\x86\WindowsApp.lib'."
"Message",Normal,"          P/Invoke 'CertFreeCertificateContext' resolved to 'crypt32.dll!CertFreeCertificateContext' from 'C:\Program Files (x86)\Windows Kits\10\lib\10.0.15063.0\um\x86\WindowsApp.lib'."
"Message",Normal,"          P/Invoke 'CertGetCertificateChain' resolved to 'crypt32.dll!CertGetCertificateChain' from 'C:\Program Files (x86)\Windows Kits\10\lib\10.0.15063.0\um\x86\WindowsApp.lib'."
"Message",Normal,"          P/Invoke 'CryptMsgGetParam' resolved to 'crypt32.dll!CryptMsgGetParam' from 'C:\Program Files (x86)\Windows Kits\10\lib\10.0.15063.0\um\x86\WindowsApp.lib'."
"Message",Normal,"          P/Invoke 'CryptMsgGetParam' resolved to 'crypt32.dll!CryptMsgGetParam' from 'C:\Program Files (x86)\Windows Kits\10\lib\10.0.15063.0\um\x86\WindowsApp.lib'."
"Message",Normal,"          P/Invoke 'PFXImportCertStore' resolved to 'crypt32.dll!PFXImportCertStore' from 'C:\Program Files (x86)\Windows Kits\10\lib\10.0.15063.0\um\x86\WindowsApp.lib'."
"Message",Normal,"          P/Invoke 'CertVerifyCertificateChainPolicy' resolved to 'crypt32.dll!CertVerifyCertificateChainPolicy' from 'C:\Program Files (x86)\Windows Kits\10\lib\10.0.15063.0\um\x86\WindowsApp.lib'."
"Message",Normal,"          P/Invoke 'CertNameToStrW' resolved to 'crypt32.dll!CertNameToStrW' from 'C:\Program Files (x86)\Windows Kits\10\lib\10.0.15063.0\um\x86\WindowsApp.lib'."
"Message",Normal,"          P/Invoke 'CertCloseStore' resolved to 'crypt32.dll!CertCloseStore' from 'C:\Program Files (x86)\Windows Kits\10\lib\10.0.15063.0\um\x86\WindowsApp.lib'."
"Message",Normal,"          P/Invoke 'CryptMsgClose' resolved to 'crypt32.dll!CryptMsgClose' from 'C:\Program Files (x86)\Windows Kits\10\lib\10.0.15063.0\um\x86\WindowsApp.lib'."
"Message",Normal,"          P/Invoke 'CryptFormatObject' resolved to 'crypt32.dll!CryptFormatObject' from 'C:\Program Files (x86)\Windows Kits\10\lib\10.0.15063.0\um\x86\WindowsApp.lib'."
"Message",Normal,"          P/Invoke 'CertAddCertificateLinkToStore' resolved to 'crypt32.dll!CertAddCertificateLinkToStore' from 'C:\Program Files (x86)\Windows Kits\10\lib\10.0.15063.0\um\x86\WindowsApp.lib'."
"Message",Normal,"          P/Invoke 'CertFindCertificateInStore' resolved to 'crypt32.dll!CertFindCertificateInStore' from 'C:\Program Files (x86)\Windows Kits\10\lib\10.0.15063.0\um\x86\WindowsApp.lib'."
"Message",Normal,"          P/Invoke 'CertEnumCertificatesInStore' resolved to 'crypt32.dll!CertEnumCertificatesInStore' from 'C:\Program Files (x86)\Windows Kits\10\lib\10.0.15063.0\um\x86\WindowsApp.lib'."
"Message",Normal,"          P/Invoke 'RtlIpv6AddressToStringExW' resolved to 'ntdll.dll!RtlIpv6AddressToStringExW' from 'C:\Program Files (x86)\Windows Kits\10\lib\10.0.15063.0\um\x86\WindowsApp.lib'."
"Message",Normal,"          P/Invoke 'RtlIpv4AddressToStringExW' resolved to 'ntdll.dll!RtlIpv4AddressToStringExW' from 'C:\Program Files (x86)\Windows Kits\10\lib\10.0.15063.0\um\x86\WindowsApp.lib'."
"Message",Normal,"          P/Invoke 'FormatMessageW' resolved to 'api-ms-win-core-localization-l1-2-1.dll!FormatMessageW' from 'C:\Program Files (x86)\Windows Kits\10\lib\10.0.15063.0\um\x86\WindowsApp.lib'."
"Message",Normal,"          P/Invoke 'CryptFormatObject' resolved to 'crypt32.dll!CryptFormatObject' from 'C:\Program Files (x86)\Windows Kits\10\lib\10.0.15063.0\um\x86\WindowsApp.lib'."
"Message",Normal,"          P/Invoke 'CertOpenStore' resolved to 'crypt32.dll!CertOpenStore' from 'C:\Program Files (x86)\Windows Kits\10\lib\10.0.15063.0\um\x86\WindowsApp.lib'."
"Message",Normal,"          P/Invoke 'FormatMessageW' resolved to 'api-ms-win-core-localization-l1-2-1.dll!FormatMessageW' from 'C:\Program Files (x86)\Windows Kits\10\lib\10.0.15063.0\um\x86\WindowsApp.lib'."
"Message",Normal,"          P/Invoke 'CryptDecodeObject' resolved to 'crypt32.dll!CryptDecodeObject' from 'C:\Program Files (x86)\Windows Kits\10\lib\10.0.15063.0\um\x86\WindowsApp.lib'."
"Message",Normal,"          P/Invoke 'CertFreeCertificateChain' resolved to 'crypt32.dll!CertFreeCertificateChain' from 'C:\Program Files (x86)\Windows Kits\10\lib\10.0.15063.0\um\x86\WindowsApp.lib'."
"Message",Normal,"          P/Invoke 'RoGetBufferMarshaler' resolved to 'api-ms-win-core-winrt-robuffer-l1-1-0.dll!RoGetBufferMarshaler' from 'C:\Program Files (x86)\Windows Kits\10\lib\10.0.15063.0\um\x86\WindowsApp.lib'."
"Message",Normal,"          P/Invoke 'RtlIpv6StringToAddressExW' resolved to 'ntdll.dll!RtlIpv6StringToAddressExW' from 'C:\Program Files (x86)\Windows Kits\10\lib\10.0.15063.0\um\x86\WindowsApp.lib'."
"Message",Normal,"          P/Invoke 'RtlIpv4StringToAddressExW' resolved to 'ntdll.dll!RtlIpv4StringToAddressExW' from 'C:\Program Files (x86)\Windows Kits\10\lib\10.0.15063.0\um\x86\WindowsApp.lib'."
"Message",Normal,"          P/Invoke 'NCryptOpenKey' resolved to 'ncrypt.dll!NCryptOpenKey' from 'C:\Program Files (x86)\Windows Kits\10\lib\10.0.15063.0\um\x86\WindowsApp.lib'."
"Message",Normal,"          P/Invoke 'NCryptImportKey' resolved to 'ncrypt.dll!NCryptImportKey' from 'C:\Program Files (x86)\Windows Kits\10\lib\10.0.15063.0\um\x86\WindowsApp.lib'."
"Message",Normal,"          P/Invoke 'NCryptGetProperty' resolved to 'ncrypt.dll!NCryptGetProperty' from 'C:\Program Files (x86)\Windows Kits\10\lib\10.0.15063.0\um\x86\WindowsApp.lib'."
"Message",Normal,"          P/Invoke 'NCryptDeleteKey' resolved to 'ncrypt.dll!NCryptDeleteKey' from 'C:\Program Files (x86)\Windows Kits\10\lib\10.0.15063.0\um\x86\WindowsApp.lib'."
"Message",Normal,"          P/Invoke 'NCryptOpenStorageProvider' resolved to 'ncrypt.dll!NCryptOpenStorageProvider' from 'C:\Program Files (x86)\Windows Kits\10\lib\10.0.15063.0\um\x86\WindowsApp.lib'."
"Message",Normal,"          P/Invoke 'NCryptSetProperty' resolved to 'ncrypt.dll!NCryptSetProperty' from 'C:\Program Files (x86)\Windows Kits\10\lib\10.0.15063.0\um\x86\WindowsApp.lib'."
"Message",Normal,"          P/Invoke 'NCryptFreeObject' resolved to 'ncrypt.dll!NCryptFreeObject' from 'C:\Program Files (x86)\Windows Kits\10\lib\10.0.15063.0\um\x86\WindowsApp.lib'."
"Message",Normal,"          P/Invoke 'FormatMessageW' resolved to 'api-ms-win-core-localization-l1-2-1.dll!FormatMessageW' from 'C:\Program Files (x86)\Windows Kits\10\lib\10.0.15063.0\um\x86\WindowsApp.lib'."
"Message",Normal,"          P/Invoke 'deflate' resolved to 'clrcompression.dll!deflate' from 'clrcompression.dll'."
"Message",Normal,"          P/Invoke 'BCryptCreateHash' resolved to 'bcrypt.dll!BCryptCreateHash' from 'C:\Program Files (x86)\Windows Kits\10\lib\10.0.15063.0\um\x86\WindowsApp.lib'."
"Message",Normal,"          P/Invoke 'BCryptGetProperty' resolved to 'bcrypt.dll!BCryptGetProperty' from 'C:\Program Files (x86)\Windows Kits\10\lib\10.0.15063.0\um\x86\WindowsApp.lib'."
"Message",Normal,"          P/Invoke 'inflateInit2_' resolved to 'clrcompression.dll!inflateInit2_' from 'clrcompression.dll'."
"Message",Normal,"          P/Invoke 'deflateInit2_' resolved to 'clrcompression.dll!deflateInit2_' from 'clrcompression.dll'."
"Message",Normal,"          P/Invoke 'inflate' resolved to 'clrcompression.dll!inflate' from 'clrcompression.dll'."
"Message",Normal,"          P/Invoke 'deflateEnd' resolved to 'clrcompression.dll!deflateEnd' from 'clrcompression.dll'."
"Message",Normal,"          P/Invoke 'inflateEnd' resolved to 'clrcompression.dll!inflateEnd' from 'clrcompression.dll'."
"Message",Normal,"          P/Invoke 'BCryptFinishHash' resolved to 'bcrypt.dll!BCryptFinishHash' from 'C:\Program Files (x86)\Windows Kits\10\lib\10.0.15063.0\um\x86\WindowsApp.lib'."
"Message",Normal,"          P/Invoke 'BCryptHashData' resolved to 'bcrypt.dll!BCryptHashData' from 'C:\Program Files (x86)\Windows Kits\10\lib\10.0.15063.0\um\x86\WindowsApp.lib'."
"Message",Normal,"          P/Invoke 'BCryptOpenAlgorithmProvider' resolved to 'bcrypt.dll!BCryptOpenAlgorithmProvider' from 'C:\Program Files (x86)\Windows Kits\10\lib\10.0.15063.0\um\x86\WindowsApp.lib'."
"Message",Normal,"          P/Invoke 'FormatMessageW' resolved to 'api-ms-win-core-localization-l1-2-1.dll!FormatMessageW' from 'C:\Program Files (x86)\Windows Kits\10\lib\10.0.15063.0\um\x86\WindowsApp.lib'."
"Message",Normal,"          P/Invoke 'BCryptDestroyHash' resolved to 'bcrypt.dll!BCryptDestroyHash' from 'C:\Program Files (x86)\Windows Kits\10\lib\10.0.15063.0\um\x86\WindowsApp.lib'."
"Message",Normal,"          P/Invoke 'BCryptCloseAlgorithmProvider' resolved to 'bcrypt.dll!BCryptCloseAlgorithmProvider' from 'C:\Program Files (x86)\Windows Kits\10\lib\10.0.15063.0\um\x86\WindowsApp.lib'."
"Message",Normal,"          P/Invoke 'GetFileType' resolved to 'api-ms-win-core-file-l1-2-1.dll!GetFileType' from 'C:\Program Files (x86)\Windows Kits\10\lib\10.0.15063.0\um\x86\WindowsApp.lib'."
"Message",Normal,"          P/Invoke 'GetFileInformationByHandleEx' resolved to 'api-ms-win-core-file-l2-1-1.dll!GetFileInformationByHandleEx' from 'C:\Program Files (x86)\Windows Kits\10\lib\10.0.15063.0\um\x86\WindowsApp.lib'."
"Message",Normal,"          P/Invoke 'CreateThreadpoolIo' resolved to 'api-ms-win-core-threadpool-l1-2-0.dll!CreateThreadpoolIo' from 'C:\Program Files (x86)\Windows Kits\10\lib\10.0.15063.0\um\x86\WindowsApp.lib'."
"Message",Normal,"          P/Invoke 'SetFilePointerEx' resolved to 'api-ms-win-core-file-l1-2-1.dll!SetFilePointerEx' from 'C:\Program Files (x86)\Windows Kits\10\lib\10.0.15063.0\um\x86\WindowsApp.lib'."
"Message",Normal,"          P/Invoke 'GetFileAttributesExW' resolved to 'api-ms-win-core-file-l1-2-1.dll!GetFileAttributesExW' from 'C:\Program Files (x86)\Windows Kits\10\lib\10.0.15063.0\um\x86\WindowsApp.lib'."
"Message",Normal,"          P/Invoke 'FindFirstFileExW' resolved to 'api-ms-win-core-file-l1-2-1.dll!FindFirstFileExW' from 'C:\Program Files (x86)\Windows Kits\10\lib\10.0.15063.0\um\x86\WindowsApp.lib'."
"Message",Normal,"          P/Invoke 'SetEndOfFile' resolved to 'api-ms-win-core-file-l1-2-1.dll!SetEndOfFile' from 'C:\Program Files (x86)\Windows Kits\10\lib\10.0.15063.0\um\x86\WindowsApp.lib'."
"Message",Normal,"          P/Invoke 'CreateFile2' resolved to 'api-ms-win-core-file-l1-2-1.dll!CreateFile2' from 'C:\Program Files (x86)\Windows Kits\10\lib\10.0.15063.0\um\x86\WindowsApp.lib'."
"Message",Normal,"          P/Invoke 'CloseHandle' resolved to 'api-ms-win-core-handle-l1-1-0.dll!CloseHandle' from 'C:\Program Files (x86)\Windows Kits\10\lib\10.0.15063.0\um\x86\WindowsApp.lib'."
"Message",Normal,"          P/Invoke 'FindClose' resolved to 'api-ms-win-core-file-l1-2-1.dll!FindClose' from 'C:\Program Files (x86)\Windows Kits\10\lib\10.0.15063.0\um\x86\WindowsApp.lib'."
"Message",Normal,"          P/Invoke 'CloseThreadpoolIo' resolved to 'api-ms-win-core-threadpool-l1-2-0.dll!CloseThreadpoolIo' from 'C:\Program Files (x86)\Windows Kits\10\lib\10.0.15063.0\um\x86\WindowsApp.lib'."
"Message",Normal,"          P/Invoke 'ReadFile' resolved to 'api-ms-win-core-file-l1-2-1.dll!ReadFile' from 'C:\Program Files (x86)\Windows Kits\10\lib\10.0.15063.0\um\x86\WindowsApp.lib'."
"Message",Normal,"          P/Invoke 'ReadFile' resolved to 'api-ms-win-core-file-l1-2-1.dll!ReadFile' from 'C:\Program Files (x86)\Windows Kits\10\lib\10.0.15063.0\um\x86\WindowsApp.lib'."
"Message",Normal,"          P/Invoke 'WriteFile' resolved to 'api-ms-win-core-file-l1-2-1.dll!WriteFile' from 'C:\Program Files (x86)\Windows Kits\10\lib\10.0.15063.0\um\x86\WindowsApp.lib'."
"Message",Normal,"          P/Invoke 'WriteFile' resolved to 'api-ms-win-core-file-l1-2-1.dll!WriteFile' from 'C:\Program Files (x86)\Windows Kits\10\lib\10.0.15063.0\um\x86\WindowsApp.lib'."
"Message",Normal,"          P/Invoke 'StartThreadpoolIo' resolved to 'api-ms-win-core-threadpool-l1-2-0.dll!StartThreadpoolIo' from 'C:\Program Files (x86)\Windows Kits\10\lib\10.0.15063.0\um\x86\WindowsApp.lib'."
"Message",Normal,"          P/Invoke 'CancelThreadpoolIo' resolved to 'api-ms-win-core-threadpool-l1-2-0.dll!CancelThreadpoolIo' from 'C:\Program Files (x86)\Windows Kits\10\lib\10.0.15063.0\um\x86\WindowsApp.lib'."
"Message",Normal,"          P/Invoke 'CancelIoEx' resolved to 'api-ms-win-core-io-l1-1-1.dll!CancelIoEx' from 'C:\Program Files (x86)\Windows Kits\10\lib\10.0.15063.0\um\x86\WindowsApp.lib'."
"Message",Normal,"          P/Invoke 'FlushFileBuffers' resolved to 'api-ms-win-core-file-l1-2-1.dll!FlushFileBuffers' from 'C:\Program Files (x86)\Windows Kits\10\lib\10.0.15063.0\um\x86\WindowsApp.lib'."
"Message",Normal,"          P/Invoke 'FormatMessageW' resolved to 'api-ms-win-core-localization-l1-2-1.dll!FormatMessageW' from 'C:\Program Files (x86)\Windows Kits\10\lib\10.0.15063.0\um\x86\WindowsApp.lib'."
"Message",High,"  Génération du code..."
"Message",High,"  Code interop généré."
"Message",Normal,"  Code écrit dans AssemblyInfo.g.cs"
"Message",Normal,"  Code écrit dans Adapters.g.cs"
"Message",Normal,"  Code écrit dans Data.g.cs"
"Message",Normal,"  Code écrit dans Helpers.g.cs"
"Message",Normal,"  Code écrit dans ImplTypes.g.cs"
"Message",Normal,"  Code écrit dans PInvoke.g.cs"
"Message",Normal,"  Code écrit dans SafeTypes.g.cs"
"Message",Normal,"  Code écrit dans SharedStubs.g.cs"
"Message",Normal,"Running 'GenerateCodeAndCompile' transform, heap at 224 MB."
"Message",High,"Generating serialization code"
"Message",High,"Compiling interop code"
"Message",Normal,"Compiling generated source code: C:\Users\gla\.nuget\packages\microsoft.net.native.compiler\1.7.0\tools\x86\ilc\csc\csc.exe /noconfig @""C:\ProjetsGIT\ionic-plugin-egee\src\windows\_lib\Egee\obj\x86\Release\ilc\intermediate\Egee.McgInterop.rsp"""
"Message",Normal,"Le type 'System.Net.Sockets.IPAddressExtensions' se trouve dans plusieurs assemblys."
"Message",Normal,"file:///C:/ProjetsGIT/ionic-plugin-egee/src/windows/_lib/Egee/obj/x86/Release/ilc/in/System.Net.NameResolution.dll"
"Message",Normal,"file:///C:/ProjetsGIT/ionic-plugin-egee/src/windows/_lib/Egee/obj/x86/Release/ilc/in/System.Net.Sockets.dll"
"Message",Normal,"L'assembly 'System.Runtime.WindowsRuntime.dll' se trouve dans plusieurs dossiers."
"Message",Normal,"file:///C:/ProjetsGIT/ionic-plugin-egee/src/windows/_lib/Egee/obj/x86/Release/ilc/intermediate/TransformedSRWR/System.Runtime.WindowsRuntime.dll"
"Message",Normal,"C:\ProjetsGIT\ionic-plugin-egee\src\windows\_lib\Egee\obj\x86\Release\ilc\in\System.Runtime.WindowsRuntime.dll"
"Message",Normal,"L'assembly 'Egee.exe' se trouve dans plusieurs dossiers."
"Message",Normal,"file:///C:/ProjetsGIT/ionic-plugin-egee/src/windows/_lib/Egee/obj/x86/Release/ilc/intermediate/PreMergeILTransformed/Egee.exe"
"Message",Normal,"C:\ProjetsGIT\ionic-plugin-egee\src\windows\_lib\Egee\obj\x86\Release\ilc\in\Egee.exe"
"Message",Normal,"L'assembly 'Egee.Proxy.winmd' se trouve dans plusieurs dossiers."
"Message",Normal,"file:///C:/ProjetsGIT/ionic-plugin-egee/src/windows/_lib/Egee/obj/x86/Release/ilc/in/Egee.Proxy.winmd"
"Message",Normal,"C:\ProjetsGIT\ionic-plugin-egee\src\windows\_lib\Egee\obj\x86\Release\ilc\in\Egee.Proxy.winmd"
"Message",Normal,"L'assembly 'Microsoft.CSharp.dll' se trouve dans plusieurs dossiers."
"Message",Normal,"file:///C:/ProjetsGIT/ionic-plugin-egee/src/windows/_lib/Egee/obj/x86/Release/ilc/in/Microsoft.CSharp.dll"
"Message",Normal,"C:\ProjetsGIT\ionic-plugin-egee\src\windows\_lib\Egee\obj\x86\Release\ilc\in\Microsoft.CSharp.dll"
"Message",Normal,"L'assembly 'Microsoft.VisualBasic.dll' se trouve dans plusieurs dossiers."
"Message",Normal,"file:///C:/ProjetsGIT/ionic-plugin-egee/src/windows/_lib/Egee/obj/x86/Release/ilc/in/Microsoft.VisualBasic.dll"
"Message",Normal,"C:\ProjetsGIT\ionic-plugin-egee\src\windows\_lib\Egee\obj\x86\Release\ilc\in\Microsoft.VisualBasic.dll"
"Message",Normal,"L'assembly 'Microsoft.Win32.Primitives.dll' se trouve dans plusieurs dossiers."
"Message",Normal,"file:///C:/ProjetsGIT/ionic-plugin-egee/src/windows/_lib/Egee/obj/x86/Release/ilc/in/Microsoft.Win32.Primitives.dll"
"Message",Normal,"C:\ProjetsGIT\ionic-plugin-egee\src\windows\_lib\Egee\obj\x86\Release\ilc\in\Microsoft.Win32.Primitives.dll"
"Message",Normal,"L'assembly 'mscorlib.dll' se trouve dans plusieurs dossiers."
"Message",Normal,"file:///C:/ProjetsGIT/ionic-plugin-egee/src/windows/_lib/Egee/obj/x86/Release/ilc/in/mscorlib.dll"
"Message",Normal,"C:\ProjetsGIT\ionic-plugin-egee\src\windows\_lib\Egee\obj\x86\Release\ilc\in\mscorlib.dll"
"Message",Normal,"L'assembly 'System.AppContext.dll' se trouve dans plusieurs dossiers."
"Message",Normal,"file:///C:/ProjetsGIT/ionic-plugin-egee/src/windows/_lib/Egee/obj/x86/Release/ilc/in/System.AppContext.dll"
"Message",Normal,"C:\ProjetsGIT\ionic-plugin-egee\src\windows\_lib\Egee\obj\x86\Release\ilc\in\System.AppContext.dll"
"Message",Normal,"L'assembly 'System.Buffers.dll' se trouve dans plusieurs dossiers."
"Message",Normal,"file:///C:/ProjetsGIT/ionic-plugin-egee/src/windows/_lib/Egee/obj/x86/Release/ilc/in/System.Buffers.dll"
"Message",Normal,"C:\ProjetsGIT\ionic-plugin-egee\src\windows\_lib\Egee\obj\x86\Release\ilc\in\System.Buffers.dll"
"Message",Normal,"L'assembly 'System.Collections.Concurrent.dll' se trouve dans plusieurs dossiers."
"Message",Normal,"file:///C:/ProjetsGIT/ionic-plugin-egee/src/windows/_lib/Egee/obj/x86/Release/ilc/in/System.Collections.Concurrent.dll"
"Message",Normal,"C:\ProjetsGIT\ionic-plugin-egee\src\windows\_lib\Egee\obj\x86\Release\ilc\in\System.Collections.Concurrent.dll"
"Message",Normal,"L'assembly 'System.Collections.dll' se trouve dans plusieurs dossiers."
"Message",Normal,"file:///C:/ProjetsGIT/ionic-plugin-egee/src/windows/_lib/Egee/obj/x86/Release/ilc/in/System.Collections.dll"
"Message",Normal,"C:\ProjetsGIT\ionic-plugin-egee\src\windows\_lib\Egee\obj\x86\Release\ilc\in\System.Collections.dll"
"Message",Normal,"L'assembly 'System.Collections.Immutable.dll' se trouve dans plusieurs dossiers."
"Message",Normal,"file:///C:/ProjetsGIT/ionic-plugin-egee/src/windows/_lib/Egee/obj/x86/Release/ilc/in/System.Collections.Immutable.dll"
"Message",Normal,"C:\ProjetsGIT\ionic-plugin-egee\src\windows\_lib\Egee\obj\x86\Release\ilc\in\System.Collections.Immutable.dll"
"Message",Normal,"L'assembly 'System.Collections.NonGeneric.dll' se trouve dans plusieurs dossiers."
"Message",Normal,"file:///C:/ProjetsGIT/ionic-plugin-egee/src/windows/_lib/Egee/obj/x86/Release/ilc/in/System.Collections.NonGeneric.dll"
"Message",Normal,"C:\ProjetsGIT\ionic-plugin-egee\src\windows\_lib\Egee\obj\x86\Release\ilc\in\System.Collections.NonGeneric.dll"
"Message",Normal,"L'assembly 'System.Collections.Specialized.dll' se trouve dans plusieurs dossiers."
"Message",Normal,"file:///C:/ProjetsGIT/ionic-plugin-egee/src/windows/_lib/Egee/obj/x86/Release/ilc/in/System.Collections.Specialized.dll"
"Message",Normal,"C:\ProjetsGIT\ionic-plugin-egee\src\windows\_lib\Egee\obj\x86\Release\ilc\in\System.Collections.Specialized.dll"
"Message",Normal,"L'assembly 'System.ComponentModel.Annotations.dll' se trouve dans plusieurs dossiers."
"Message",Normal,"file:///C:/ProjetsGIT/ionic-plugin-egee/src/windows/_lib/Egee/obj/x86/Release/ilc/in/System.ComponentModel.Annotations.dll"
"Message",Normal,"C:\ProjetsGIT\ionic-plugin-egee\src\windows\_lib\Egee\obj\x86\Release\ilc\in\System.ComponentModel.Annotations.dll"
"Message",Normal,"L'assembly 'System.ComponentModel.DataAnnotations.dll' se trouve dans plusieurs dossiers."
"Message",Normal,"file:///C:/ProjetsGIT/ionic-plugin-egee/src/windows/_lib/Egee/obj/x86/Release/ilc/in/System.ComponentModel.DataAnnotations.dll"
"Message",Normal,"C:\ProjetsGIT\ionic-plugin-egee\src\windows\_lib\Egee\obj\x86\Release\ilc\in\System.ComponentModel.DataAnnotations.dll"
"Message",Normal,"L'assembly 'System.ComponentModel.dll' se trouve dans plusieurs dossiers."
"Message",Normal,"file:///C:/ProjetsGIT/ionic-plugin-egee/src/windows/_lib/Egee/obj/x86/Release/ilc/in/System.ComponentModel.dll"
"Message",Normal,"C:\ProjetsGIT\ionic-plugin-egee\src\windows\_lib\Egee\obj\x86\Release\ilc\in\System.ComponentModel.dll"
"Message",Normal,"L'assembly 'System.ComponentModel.EventBasedAsync.dll' se trouve dans plusieurs dossiers."
"Message",Normal,"file:///C:/ProjetsGIT/ionic-plugin-egee/src/windows/_lib/Egee/obj/x86/Release/ilc/in/System.ComponentModel.EventBasedAsync.dll"
"Message",Normal,"C:\ProjetsGIT\ionic-plugin-egee\src\windows\_lib\Egee\obj\x86\Release\ilc\in\System.ComponentModel.EventBasedAsync.dll"
"Message",Normal,"L'assembly 'System.Core.dll' se trouve dans plusieurs dossiers."
"Message",Normal,"file:///C:/ProjetsGIT/ionic-plugin-egee/src/windows/_lib/Egee/obj/x86/Release/ilc/in/System.Core.dll"
"Message",Normal,"C:\ProjetsGIT\ionic-plugin-egee\src\windows\_lib\Egee\obj\x86\Release\ilc\in\System.Core.dll"
"Message",Normal,"L'assembly 'System.Data.Common.dll' se trouve dans plusieurs dossiers."
"Message",Normal,"file:///C:/ProjetsGIT/ionic-plugin-egee/src/windows/_lib/Egee/obj/x86/Release/ilc/in/System.Data.Common.dll"
"Message",Normal,"C:\ProjetsGIT\ionic-plugin-egee\src\windows\_lib\Egee\obj\x86\Release\ilc\in\System.Data.Common.dll"
"Message",Normal,"L'assembly 'System.Diagnostics.Contracts.dll' se trouve dans plusieurs dossiers."
"Message",Normal,"file:///C:/ProjetsGIT/ionic-plugin-egee/src/windows/_lib/Egee/obj/x86/Release/ilc/in/System.Diagnostics.Contracts.dll"
"Message",Normal,"C:\ProjetsGIT\ionic-plugin-egee\src\windows\_lib\Egee\obj\x86\Release\ilc\in\System.Diagnostics.Contracts.dll"
"Message",Normal,"L'assembly 'System.Diagnostics.Debug.dll' se trouve dans plusieurs dossiers."
"Message",Normal,"file:///C:/ProjetsGIT/ionic-plugin-egee/src/windows/_lib/Egee/obj/x86/Release/ilc/in/System.Diagnostics.Debug.dll"
"Message",Normal,"C:\ProjetsGIT\ionic-plugin-egee\src\windows\_lib\Egee\obj\x86\Release\ilc\in\System.Diagnostics.Debug.dll"
"Message",Normal,"L'assembly 'System.Diagnostics.DiagnosticSource.dll' se trouve dans plusieurs dossiers."
"Message",Normal,"file:///C:/ProjetsGIT/ionic-plugin-egee/src/windows/_lib/Egee/obj/x86/Release/ilc/in/System.Diagnostics.DiagnosticSource.dll"
"Message",Normal,"C:\ProjetsGIT\ionic-plugin-egee\src\windows\_lib\Egee\obj\x86\Release\ilc\in\System.Diagnostics.DiagnosticSource.dll"
"Message",Normal,"L'assembly 'System.Diagnostics.StackTrace.dll' se trouve dans plusieurs dossiers."
"Message",Normal,"file:///C:/ProjetsGIT/ionic-plugin-egee/src/windows/_lib/Egee/obj/x86/Release/ilc/in/System.Diagnostics.StackTrace.dll"
"Message",Normal,"C:\ProjetsGIT\ionic-plugin-egee\src\windows\_lib\Egee\obj\x86\Release\ilc\in\System.Diagnostics.StackTrace.dll"
"Message",Normal,"L'assembly 'System.Diagnostics.Tools.dll' se trouve dans plusieurs dossiers."
"Message",Normal,"file:///C:/ProjetsGIT/ionic-plugin-egee/src/windows/_lib/Egee/obj/x86/Release/ilc/in/System.Diagnostics.Tools.dll"
"Message",Normal,"C:\ProjetsGIT\ionic-plugin-egee\src\windows\_lib\Egee\obj\x86\Release\ilc\in\System.Diagnostics.Tools.dll"
"Message",Normal,"L'assembly 'System.Diagnostics.Tracing.dll' se trouve dans plusieurs dossiers."
"Message",Normal,"file:///C:/ProjetsGIT/ionic-plugin-egee/src/windows/_lib/Egee/obj/x86/Release/ilc/in/System.Diagnostics.Tracing.dll"
"Message",Normal,"C:\ProjetsGIT\ionic-plugin-egee\src\windows\_lib\Egee\obj\x86\Release\ilc\in\System.Diagnostics.Tracing.dll"
"Message",Normal,"L'assembly 'System.dll' se trouve dans plusieurs dossiers."
"Message",Normal,"file:///C:/ProjetsGIT/ionic-plugin-egee/src/windows/_lib/Egee/obj/x86/Release/ilc/in/System.dll"
"Message",Normal,"C:\ProjetsGIT\ionic-plugin-egee\src\windows\_lib\Egee\obj\x86\Release\ilc\in\System.dll"
"Message",Normal,"L'assembly 'System.Dynamic.Runtime.dll' se trouve dans plusieurs dossiers."
"Message",Normal,"file:///C:/ProjetsGIT/ionic-plugin-egee/src/windows/_lib/Egee/obj/x86/Release/ilc/in/System.Dynamic.Runtime.dll"
"Message",Normal,"C:\ProjetsGIT\ionic-plugin-egee\src\windows\_lib\Egee\obj\x86\Release\ilc\in\System.Dynamic.Runtime.dll"
"Message",Normal,"L'assembly 'System.Globalization.Calendars.dll' se trouve dans plusieurs dossiers."
"Message",Normal,"file:///C:/ProjetsGIT/ionic-plugin-egee/src/windows/_lib/Egee/obj/x86/Release/ilc/in/System.Globalization.Calendars.dll"
"Message",Normal,"C:\ProjetsGIT\ionic-plugin-egee\src\windows\_lib\Egee\obj\x86\Release\ilc\in\System.Globalization.Calendars.dll"
"Message",Normal,"L'assembly 'System.Globalization.dll' se trouve dans plusieurs dossiers."
"Message",Normal,"file:///C:/ProjetsGIT/ionic-plugin-egee/src/windows/_lib/Egee/obj/x86/Release/ilc/in/System.Globalization.dll"
"Message",Normal,"C:\ProjetsGIT\ionic-plugin-egee\src\windows\_lib\Egee\obj\x86\Release\ilc\in\System.Globalization.dll"
"Message",Normal,"L'assembly 'System.Globalization.Extensions.dll' se trouve dans plusieurs dossiers."
"Message",Normal,"file:///C:/ProjetsGIT/ionic-plugin-egee/src/windows/_lib/Egee/obj/x86/Release/ilc/in/System.Globalization.Extensions.dll"
"Message",Normal,"C:\ProjetsGIT\ionic-plugin-egee\src\windows\_lib\Egee\obj\x86\Release\ilc\in\System.Globalization.Extensions.dll"
"Message",Normal,"L'assembly 'System.IO.Compression.dll' se trouve dans plusieurs dossiers."
"Message",Normal,"file:///C:/ProjetsGIT/ionic-plugin-egee/src/windows/_lib/Egee/obj/x86/Release/ilc/in/System.IO.Compression.dll"
"Message",Normal,"C:\ProjetsGIT\ionic-plugin-egee\src\windows\_lib\Egee\obj\x86\Release\ilc\in\System.IO.Compression.dll"
"Message",Normal,"L'assembly 'System.IO.Compression.ZipFile.dll' se trouve dans plusieurs dossiers."
"Message",Normal,"file:///C:/ProjetsGIT/ionic-plugin-egee/src/windows/_lib/Egee/obj/x86/Release/ilc/in/System.IO.Compression.ZipFile.dll"
"Message",Normal,"C:\ProjetsGIT\ionic-plugin-egee\src\windows\_lib\Egee\obj\x86\Release\ilc\in\System.IO.Compression.ZipFile.dll"
"Message",Normal,"L'assembly 'System.IO.dll' se trouve dans plusieurs dossiers."
"Message",Normal,"file:///C:/ProjetsGIT/ionic-plugin-egee/src/windows/_lib/Egee/obj/x86/Release/ilc/in/System.IO.dll"
"Message",Normal,"C:\ProjetsGIT\ionic-plugin-egee\src\windows\_lib\Egee\obj\x86\Release\ilc\in\System.IO.dll"
"Message",Normal,"L'assembly 'System.IO.FileSystem.dll' se trouve dans plusieurs dossiers."
"Message",Normal,"file:///C:/ProjetsGIT/ionic-plugin-egee/src/windows/_lib/Egee/obj/x86/Release/ilc/in/System.IO.FileSystem.dll"
"Message",Normal,"C:\ProjetsGIT\ionic-plugin-egee\src\windows\_lib\Egee\obj\x86\Release\ilc\in\System.IO.FileSystem.dll"
"Message",Normal,"L'assembly 'System.IO.FileSystem.Primitives.dll' se trouve dans plusieurs dossiers."
"Message",Normal,"file:///C:/ProjetsGIT/ionic-plugin-egee/src/windows/_lib/Egee/obj/x86/Release/ilc/in/System.IO.FileSystem.Primitives.dll"
"Message",Normal,"C:\ProjetsGIT\ionic-plugin-egee\src\windows\_lib\Egee\obj\x86\Release\ilc\in\System.IO.FileSystem.Primitives.dll"
"Message",Normal,"L'assembly 'System.IO.IsolatedStorage.dll' se trouve dans plusieurs dossiers."
"Message",Normal,"file:///C:/ProjetsGIT/ionic-plugin-egee/src/windows/_lib/Egee/obj/x86/Release/ilc/in/System.IO.IsolatedStorage.dll"
"Message",Normal,"C:\ProjetsGIT\ionic-plugin-egee\src\windows\_lib\Egee\obj\x86\Release\ilc\in\System.IO.IsolatedStorage.dll"
"Message",Normal,"L'assembly 'System.IO.UnmanagedMemoryStream.dll' se trouve dans plusieurs dossiers."
"Message",Normal,"file:///C:/ProjetsGIT/ionic-plugin-egee/src/windows/_lib/Egee/obj/x86/Release/ilc/in/System.IO.UnmanagedMemoryStream.dll"
"Message",Normal,"C:\ProjetsGIT\ionic-plugin-egee\src\windows\_lib\Egee\obj\x86\Release\ilc\in\System.IO.UnmanagedMemoryStream.dll"
"Message",Normal,"L'assembly 'System.Linq.dll' se trouve dans plusieurs dossiers."
"Message",Normal,"file:///C:/ProjetsGIT/ionic-plugin-egee/src/windows/_lib/Egee/obj/x86/Release/ilc/in/System.Linq.dll"
"Message",Normal,"C:\ProjetsGIT\ionic-plugin-egee\src\windows\_lib\Egee\obj\x86\Release\ilc\in\System.Linq.dll"
"Message",Normal,"L'assembly 'System.Linq.Expressions.dll' se trouve dans plusieurs dossiers."
"Message",Normal,"file:///C:/ProjetsGIT/ionic-plugin-egee/src/windows/_lib/Egee/obj/x86/Release/ilc/in/System.Linq.Expressions.dll"
"Message",Normal,"C:\ProjetsGIT\ionic-plugin-egee\src\windows\_lib\Egee\obj\x86\Release\ilc\in\System.Linq.Expressions.dll"
"Message",Normal,"L'assembly 'System.Linq.Parallel.dll' se trouve dans plusieurs dossiers."
"Message",Normal,"file:///C:/ProjetsGIT/ionic-plugin-egee/src/windows/_lib/Egee/obj/x86/Release/ilc/in/System.Linq.Parallel.dll"
"Message",Normal,"C:\ProjetsGIT\ionic-plugin-egee\src\windows\_lib\Egee\obj\x86\Release\ilc\in\System.Linq.Parallel.dll"
"Message",Normal,"L'assembly 'System.Linq.Queryable.dll' se trouve dans plusieurs dossiers."
"Message",Normal,"file:///C:/ProjetsGIT/ionic-plugin-egee/src/windows/_lib/Egee/obj/x86/Release/ilc/in/System.Linq.Queryable.dll"
"Message",Normal,"C:\ProjetsGIT\ionic-plugin-egee\src\windows\_lib\Egee\obj\x86\Release\ilc\in\System.Linq.Queryable.dll"
"Message",Normal,"L'assembly 'System.Net.dll' se trouve dans plusieurs dossiers."
"Message",Normal,"file:///C:/ProjetsGIT/ionic-plugin-egee/src/windows/_lib/Egee/obj/x86/Release/ilc/in/System.Net.dll"
"Message",Normal,"C:\ProjetsGIT\ionic-plugin-egee\src\windows\_lib\Egee\obj\x86\Release\ilc\in\System.Net.dll"
"Message",Normal,"L'assembly 'System.Net.Http.dll' se trouve dans plusieurs dossiers."
"Message",Normal,"file:///C:/ProjetsGIT/ionic-plugin-egee/src/windows/_lib/Egee/obj/x86/Release/ilc/in/System.Net.Http.dll"
"Message",Normal,"C:\ProjetsGIT\ionic-plugin-egee\src\windows\_lib\Egee\obj\x86\Release\ilc\in\System.Net.Http.dll"
"Message",Normal,"L'assembly 'System.Net.Http.Rtc.dll' se trouve dans plusieurs dossiers."
"Message",Normal,"file:///C:/ProjetsGIT/ionic-plugin-egee/src/windows/_lib/Egee/obj/x86/Release/ilc/in/System.Net.Http.Rtc.dll"
"Message",Normal,"C:\ProjetsGIT\ionic-plugin-egee\src\windows\_lib\Egee\obj\x86\Release\ilc\in\System.Net.Http.Rtc.dll"
"Message",Normal,"L'assembly 'System.Net.NameResolution.dll' se trouve dans plusieurs dossiers."
"Message",Normal,"file:///C:/ProjetsGIT/ionic-plugin-egee/src/windows/_lib/Egee/obj/x86/Release/ilc/in/System.Net.NameResolution.dll"
"Message",Normal,"C:\ProjetsGIT\ionic-plugin-egee\src\windows\_lib\Egee\obj\x86\Release\ilc\in\System.Net.NameResolution.dll"
"Message",Normal,"L'assembly 'System.Net.NetworkInformation.dll' se trouve dans plusieurs dossiers."
"Message",Normal,"file:///C:/ProjetsGIT/ionic-plugin-egee/src/windows/_lib/Egee/obj/x86/Release/ilc/in/System.Net.NetworkInformation.dll"
"Message",Normal,"C:\ProjetsGIT\ionic-plugin-egee\src\windows\_lib\Egee\obj\x86\Release\ilc\in\System.Net.NetworkInformation.dll"
"Message",Normal,"L'assembly 'System.Net.Primitives.dll' se trouve dans plusieurs dossiers."
"Message",Normal,"file:///C:/ProjetsGIT/ionic-plugin-egee/src/windows/_lib/Egee/obj/x86/Release/ilc/in/System.Net.Primitives.dll"
"Message",Normal,"C:\ProjetsGIT\ionic-plugin-egee\src\windows\_lib\Egee\obj\x86\Release\ilc\in\System.Net.Primitives.dll"
"Message",Normal,"L'assembly 'System.Net.Requests.dll' se trouve dans plusieurs dossiers."
"Message",Normal,"file:///C:/ProjetsGIT/ionic-plugin-egee/src/windows/_lib/Egee/obj/x86/Release/ilc/in/System.Net.Requests.dll"
"Message",Normal,"C:\ProjetsGIT\ionic-plugin-egee\src\windows\_lib\Egee\obj\x86\Release\ilc\in\System.Net.Requests.dll"
"Message",Normal,"L'assembly 'System.Net.Sockets.dll' se trouve dans plusieurs dossiers."
"Message",Normal,"file:///C:/ProjetsGIT/ionic-plugin-egee/src/windows/_lib/Egee/obj/x86/Release/ilc/in/System.Net.Sockets.dll"
"Message",Normal,"C:\ProjetsGIT\ionic-plugin-egee\src\windows\_lib\Egee\obj\x86\Release\ilc\in\System.Net.Sockets.dll"
"Message",Normal,"L'assembly 'System.Net.WebHeaderCollection.dll' se trouve dans plusieurs dossiers."
"Message",Normal,"file:///C:/ProjetsGIT/ionic-plugin-egee/src/windows/_lib/Egee/obj/x86/Release/ilc/in/System.Net.WebHeaderCollection.dll"
"Message",Normal,"C:\ProjetsGIT\ionic-plugin-egee\src\windows\_lib\Egee\obj\x86\Release\ilc\in\System.Net.WebHeaderCollection.dll"
"Message",Normal,"L'assembly 'System.Net.WebSockets.Client.dll' se trouve dans plusieurs dossiers."
"Message",Normal,"file:///C:/ProjetsGIT/ionic-plugin-egee/src/windows/_lib/Egee/obj/x86/Release/ilc/in/System.Net.WebSockets.Client.dll"
"Message",Normal,"C:\ProjetsGIT\ionic-plugin-egee\src\windows\_lib\Egee\obj\x86\Release\ilc\in\System.Net.WebSockets.Client.dll"
"Message",Normal,"L'assembly 'System.Net.WebSockets.dll' se trouve dans plusieurs dossiers."
"Message",Normal,"file:///C:/ProjetsGIT/ionic-plugin-egee/src/windows/_lib/Egee/obj/x86/Release/ilc/in/System.Net.WebSockets.dll"
"Message",Normal,"C:\ProjetsGIT\ionic-plugin-egee\src\windows\_lib\Egee\obj\x86\Release\ilc\in\System.Net.WebSockets.dll"
"Message",Normal,"L'assembly 'System.Numerics.dll' se trouve dans plusieurs dossiers."
"Message",Normal,"file:///C:/ProjetsGIT/ionic-plugin-egee/src/windows/_lib/Egee/obj/x86/Release/ilc/in/System.Numerics.dll"
"Message",Normal,"C:\ProjetsGIT\ionic-plugin-egee\src\windows\_lib\Egee\obj\x86\Release\ilc\in\System.Numerics.dll"
"Message",Normal,"L'assembly 'System.Numerics.Vectors.dll' se trouve dans plusieurs dossiers."
"Message",Normal,"file:///C:/ProjetsGIT/ionic-plugin-egee/src/windows/_lib/Egee/obj/x86/Release/ilc/in/System.Numerics.Vectors.dll"
"Message",Normal,"C:\ProjetsGIT\ionic-plugin-egee\src\windows\_lib\Egee\obj\x86\Release\ilc\in\System.Numerics.Vectors.dll"
"Message",Normal,"L'assembly 'System.Numerics.Vectors.WindowsRuntime.dll' se trouve dans plusieurs dossiers."
"Message",Normal,"file:///C:/ProjetsGIT/ionic-plugin-egee/src/windows/_lib/Egee/obj/x86/Release/ilc/in/System.Numerics.Vectors.WindowsRuntime.dll"
"Message",Normal,"C:\ProjetsGIT\ionic-plugin-egee\src\windows\_lib\Egee\obj\x86\Release\ilc\in\System.Numerics.Vectors.WindowsRuntime.dll"
"Message",Normal,"L'assembly 'System.ObjectModel.dll' se trouve dans plusieurs dossiers."
"Message",Normal,"file:///C:/ProjetsGIT/ionic-plugin-egee/src/windows/_lib/Egee/obj/x86/Release/ilc/in/System.ObjectModel.dll"
"Message",Normal,"C:\ProjetsGIT\ionic-plugin-egee\src\windows\_lib\Egee\obj\x86\Release\ilc\in\System.ObjectModel.dll"
"Message",Normal,"L'assembly 'System.Private.DataContractSerialization.dll' se trouve dans plusieurs dossiers."
"Message",Normal,"file:///C:/ProjetsGIT/ionic-plugin-egee/src/windows/_lib/Egee/obj/x86/Release/ilc/in/System.Private.DataContractSerialization.dll"
"Message",Normal,"C:\ProjetsGIT\ionic-plugin-egee\src\windows\_lib\Egee\obj\x86\Release\ilc\in\System.Private.DataContractSerialization.dll"
"Message",Normal,"L'assembly 'System.Private.ServiceModel.dll' se trouve dans plusieurs dossiers."
"Message",Normal,"file:///C:/ProjetsGIT/ionic-plugin-egee/src/windows/_lib/Egee/obj/x86/Release/ilc/in/System.Private.ServiceModel.dll"
"Message",Normal,"C:\ProjetsGIT\ionic-plugin-egee\src\windows\_lib\Egee\obj\x86\Release\ilc\in\System.Private.ServiceModel.dll"
"Message",Normal,"L'assembly 'System.Private.Uri.dll' se trouve dans plusieurs dossiers."
"Message",Normal,"file:///C:/ProjetsGIT/ionic-plugin-egee/src/windows/_lib/Egee/obj/x86/Release/ilc/in/System.Private.Uri.dll"
"Message",Normal,"C:\ProjetsGIT\ionic-plugin-egee\src\windows\_lib\Egee\obj\x86\Release\ilc\in\System.Private.Uri.dll"
"Message",Normal,"L'assembly 'System.Reflection.Context.dll' se trouve dans plusieurs dossiers."
"Message",Normal,"file:///C:/ProjetsGIT/ionic-plugin-egee/src/windows/_lib/Egee/obj/x86/Release/ilc/in/System.Reflection.Context.dll"
"Message",Normal,"C:\ProjetsGIT\ionic-plugin-egee\src\windows\_lib\Egee\obj\x86\Release\ilc\in\System.Reflection.Context.dll"
"Message",Normal,"L'assembly 'System.Reflection.DispatchProxy.dll' se trouve dans plusieurs dossiers."
"Message",Normal,"file:///C:/ProjetsGIT/ionic-plugin-egee/src/windows/_lib/Egee/obj/x86/Release/ilc/in/System.Reflection.DispatchProxy.dll"
"Message",Normal,"C:\ProjetsGIT\ionic-plugin-egee\src\windows\_lib\Egee\obj\x86\Release\ilc\in\System.Reflection.DispatchProxy.dll"
"Message",Normal,"L'assembly 'System.Reflection.dll' se trouve dans plusieurs dossiers."
"Message",Normal,"file:///C:/ProjetsGIT/ionic-plugin-egee/src/windows/_lib/Egee/obj/x86/Release/ilc/in/System.Reflection.dll"
"Message",Normal,"C:\ProjetsGIT\ionic-plugin-egee\src\windows\_lib\Egee\obj\x86\Release\ilc\in\System.Reflection.dll"
"Message",Normal,"L'assembly 'System.Reflection.Emit.dll' se trouve dans plusieurs dossiers."
"Message",Normal,"file:///C:/ProjetsGIT/ionic-plugin-egee/src/windows/_lib/Egee/obj/x86/Release/ilc/in/System.Reflection.Emit.dll"
"Message",Normal,"C:\ProjetsGIT\ionic-plugin-egee\src\windows\_lib\Egee\obj\x86\Release\ilc\in\System.Reflection.Emit.dll"
"Message",Normal,"L'assembly 'System.Reflection.Extensions.dll' se trouve dans plusieurs dossiers."
"Message",Normal,"file:///C:/ProjetsGIT/ionic-plugin-egee/src/windows/_lib/Egee/obj/x86/Release/ilc/in/System.Reflection.Extensions.dll"
"Message",Normal,"C:\ProjetsGIT\ionic-plugin-egee\src\windows\_lib\Egee\obj\x86\Release\ilc\in\System.Reflection.Extensions.dll"
"Message",Normal,"L'assembly 'System.Reflection.Metadata.dll' se trouve dans plusieurs dossiers."
"Message",Normal,"file:///C:/ProjetsGIT/ionic-plugin-egee/src/windows/_lib/Egee/obj/x86/Release/ilc/in/System.Reflection.Metadata.dll"
"Message",Normal,"C:\ProjetsGIT\ionic-plugin-egee\src\windows\_lib\Egee\obj\x86\Release\ilc\in\System.Reflection.Metadata.dll"
"Message",Normal,"L'assembly 'System.Reflection.Primitives.dll' se trouve dans plusieurs dossiers."
"Message",Normal,"file:///C:/ProjetsGIT/ionic-plugin-egee/src/windows/_lib/Egee/obj/x86/Release/ilc/in/System.Reflection.Primitives.dll"
"Message",Normal,"C:\ProjetsGIT\ionic-plugin-egee\src\windows\_lib\Egee\obj\x86\Release\ilc\in\System.Reflection.Primitives.dll"
"Message",Normal,"L'assembly 'System.Reflection.TypeExtensions.dll' se trouve dans plusieurs dossiers."
"Message",Normal,"file:///C:/ProjetsGIT/ionic-plugin-egee/src/windows/_lib/Egee/obj/x86/Release/ilc/in/System.Reflection.TypeExtensions.dll"
"Message",Normal,"C:\ProjetsGIT\ionic-plugin-egee\src\windows\_lib\Egee\obj\x86\Release\ilc\in\System.Reflection.TypeExtensions.dll"
"Message",Normal,"L'assembly 'System.Resources.ResourceManager.dll' se trouve dans plusieurs dossiers."
"Message",Normal,"file:///C:/ProjetsGIT/ionic-plugin-egee/src/windows/_lib/Egee/obj/x86/Release/ilc/in/System.Resources.ResourceManager.dll"
"Message",Normal,"C:\ProjetsGIT\ionic-plugin-egee\src\windows\_lib\Egee\obj\x86\Release\ilc\in\System.Resources.ResourceManager.dll"
"Message",Normal,"L'assembly 'System.Runtime.dll' se trouve dans plusieurs dossiers."
"Message",Normal,"file:///C:/ProjetsGIT/ionic-plugin-egee/src/windows/_lib/Egee/obj/x86/Release/ilc/in/System.Runtime.dll"
"Message",Normal,"C:\ProjetsGIT\ionic-plugin-egee\src\windows\_lib\Egee\obj\x86\Release\ilc\in\System.Runtime.dll"
"Message",Normal,"L'assembly 'System.Runtime.Extensions.dll' se trouve dans plusieurs dossiers."
"Message",Normal,"file:///C:/ProjetsGIT/ionic-plugin-egee/src/windows/_lib/Egee/obj/x86/Release/ilc/in/System.Runtime.Extensions.dll"
"Message",Normal,"C:\ProjetsGIT\ionic-plugin-egee\src\windows\_lib\Egee\obj\x86\Release\ilc\in\System.Runtime.Extensions.dll"
"Message",Normal,"L'assembly 'System.Runtime.Handles.dll' se trouve dans plusieurs dossiers."
"Message",Normal,"file:///C:/ProjetsGIT/ionic-plugin-egee/src/windows/_lib/Egee/obj/x86/Release/ilc/in/System.Runtime.Handles.dll"
"Message",Normal,"C:\ProjetsGIT\ionic-plugin-egee\src\windows\_lib\Egee\obj\x86\Release\ilc\in\System.Runtime.Handles.dll"
"Message",Normal,"L'assembly 'System.Runtime.InteropServices.dll' se trouve dans plusieurs dossiers."
"Message",Normal,"file:///C:/ProjetsGIT/ionic-plugin-egee/src/windows/_lib/Egee/obj/x86/Release/ilc/in/System.Runtime.InteropServices.dll"
"Message",Normal,"C:\ProjetsGIT\ionic-plugin-egee\src\windows\_lib\Egee\obj\x86\Release\ilc\in\System.Runtime.InteropServices.dll"
"Message",Normal,"L'assembly 'System.Runtime.InteropServices.WindowsRuntime.dll' se trouve dans plusieurs dossiers."
"Message",Normal,"file:///C:/ProjetsGIT/ionic-plugin-egee/src/windows/_lib/Egee/obj/x86/Release/ilc/in/System.Runtime.InteropServices.WindowsRuntime.dll"
"Message",Normal,"C:\ProjetsGIT\ionic-plugin-egee\src\windows\_lib\Egee\obj\x86\Release\ilc\in\System.Runtime.InteropServices.WindowsRuntime.dll"
"Message",Normal,"L'assembly 'System.Runtime.Numerics.dll' se trouve dans plusieurs dossiers."
"Message",Normal,"file:///C:/ProjetsGIT/ionic-plugin-egee/src/windows/_lib/Egee/obj/x86/Release/ilc/in/System.Runtime.Numerics.dll"
"Message",Normal,"C:\ProjetsGIT\ionic-plugin-egee\src\windows\_lib\Egee\obj\x86\Release\ilc\in\System.Runtime.Numerics.dll"
"Message",Normal,"L'assembly 'System.Runtime.Serialization.dll' se trouve dans plusieurs dossiers."
"Message",Normal,"file:///C:/ProjetsGIT/ionic-plugin-egee/src/windows/_lib/Egee/obj/x86/Release/ilc/in/System.Runtime.Serialization.dll"
"Message",Normal,"C:\ProjetsGIT\ionic-plugin-egee\src\windows\_lib\Egee\obj\x86\Release\ilc\in\System.Runtime.Serialization.dll"
"Message",Normal,"L'assembly 'System.Runtime.Serialization.Json.dll' se trouve dans plusieurs dossiers."
"Message",Normal,"file:///C:/ProjetsGIT/ionic-plugin-egee/src/windows/_lib/Egee/obj/x86/Release/ilc/in/System.Runtime.Serialization.Json.dll"
"Message",Normal,"C:\ProjetsGIT\ionic-plugin-egee\src\windows\_lib\Egee\obj\x86\Release\ilc\in\System.Runtime.Serialization.Json.dll"
"Message",Normal,"L'assembly 'System.Runtime.Serialization.Primitives.dll' se trouve dans plusieurs dossiers."
"Message",Normal,"file:///C:/ProjetsGIT/ionic-plugin-egee/src/windows/_lib/Egee/obj/x86/Release/ilc/in/System.Runtime.Serialization.Primitives.dll"
"Message",Normal,"C:\ProjetsGIT\ionic-plugin-egee\src\windows\_lib\Egee\obj\x86\Release\ilc\in\System.Runtime.Serialization.Primitives.dll"
"Message",Normal,"L'assembly 'System.Runtime.Serialization.Xml.dll' se trouve dans plusieurs dossiers."
"Message",Normal,"file:///C:/ProjetsGIT/ionic-plugin-egee/src/windows/_lib/Egee/obj/x86/Release/ilc/in/System.Runtime.Serialization.Xml.dll"
"Message",Normal,"C:\ProjetsGIT\ionic-plugin-egee\src\windows\_lib\Egee\obj\x86\Release\ilc\in\System.Runtime.Serialization.Xml.dll"
"Message",Normal,"L'assembly 'System.Runtime.WindowsRuntime.dll' se trouve dans plusieurs dossiers."
"Message",Normal,"file:///C:/ProjetsGIT/ionic-plugin-egee/src/windows/_lib/Egee/obj/x86/Release/ilc/intermediate/TransformedSRWR/System.Runtime.WindowsRuntime.dll"
"Message",Normal,"C:\ProjetsGIT\ionic-plugin-egee\src\windows\_lib\Egee\obj\x86\Release\ilc\in\System.Runtime.WindowsRuntime.dll"
"Message",Normal,"L'assembly 'System.Runtime.WindowsRuntime.UI.Xaml.dll' se trouve dans plusieurs dossiers."
"Message",Normal,"file:///C:/ProjetsGIT/ionic-plugin-egee/src/windows/_lib/Egee/obj/x86/Release/ilc/in/System.Runtime.WindowsRuntime.UI.Xaml.dll"
"Message",Normal,"C:\ProjetsGIT\ionic-plugin-egee\src\windows\_lib\Egee\obj\x86\Release\ilc\in\System.Runtime.WindowsRuntime.UI.Xaml.dll"
"Message",Normal,"L'assembly 'System.Security.Claims.dll' se trouve dans plusieurs dossiers."
"Message",Normal,"file:///C:/ProjetsGIT/ionic-plugin-egee/src/windows/_lib/Egee/obj/x86/Release/ilc/in/System.Security.Claims.dll"
"Message",Normal,"C:\ProjetsGIT\ionic-plugin-egee\src\windows\_lib\Egee\obj\x86\Release\ilc\in\System.Security.Claims.dll"
"Message",Normal,"L'assembly 'System.Security.Cryptography.Algorithms.dll' se trouve dans plusieurs dossiers."
"Message",Normal,"file:///C:/ProjetsGIT/ionic-plugin-egee/src/windows/_lib/Egee/obj/x86/Release/ilc/in/System.Security.Cryptography.Algorithms.dll"
"Message",Normal,"C:\ProjetsGIT\ionic-plugin-egee\src\windows\_lib\Egee\obj\x86\Release\ilc\in\System.Security.Cryptography.Algorithms.dll"
"Message",Normal,"L'assembly 'System.Security.Cryptography.Cng.dll' se trouve dans plusieurs dossiers."
"Message",Normal,"file:///C:/ProjetsGIT/ionic-plugin-egee/src/windows/_lib/Egee/obj/x86/Release/ilc/in/System.Security.Cryptography.Cng.dll"
"Message",Normal,"C:\ProjetsGIT\ionic-plugin-egee\src\windows\_lib\Egee\obj\x86\Release\ilc\in\System.Security.Cryptography.Cng.dll"
"Message",Normal,"L'assembly 'System.Security.Cryptography.Encoding.dll' se trouve dans plusieurs dossiers."
"Message",Normal,"file:///C:/ProjetsGIT/ionic-plugin-egee/src/windows/_lib/Egee/obj/x86/Release/ilc/in/System.Security.Cryptography.Encoding.dll"
"Message",Normal,"C:\ProjetsGIT\ionic-plugin-egee\src\windows\_lib\Egee\obj\x86\Release\ilc\in\System.Security.Cryptography.Encoding.dll"
"Message",Normal,"L'assembly 'System.Security.Cryptography.Primitives.dll' se trouve dans plusieurs dossiers."
"Message",Normal,"file:///C:/ProjetsGIT/ionic-plugin-egee/src/windows/_lib/Egee/obj/x86/Release/ilc/in/System.Security.Cryptography.Primitives.dll"
"Message",Normal,"C:\ProjetsGIT\ionic-plugin-egee\src\windows\_lib\Egee\obj\x86\Release\ilc\in\System.Security.Cryptography.Primitives.dll"
"Message",Normal,"L'assembly 'System.Security.Cryptography.X509Certificates.dll' se trouve dans plusieurs dossiers."
"Message",Normal,"file:///C:/ProjetsGIT/ionic-plugin-egee/src/windows/_lib/Egee/obj/x86/Release/ilc/in/System.Security.Cryptography.X509Certificates.dll"
"Message",Normal,"C:\ProjetsGIT\ionic-plugin-egee\src\windows\_lib\Egee\obj\x86\Release\ilc\in\System.Security.Cryptography.X509Certificates.dll"
"Message",Normal,"L'assembly 'System.Security.Principal.dll' se trouve dans plusieurs dossiers."
"Message",Normal,"file:///C:/ProjetsGIT/ionic-plugin-egee/src/windows/_lib/Egee/obj/x86/Release/ilc/in/System.Security.Principal.dll"
"Message",Normal,"C:\ProjetsGIT\ionic-plugin-egee\src\windows\_lib\Egee\obj\x86\Release\ilc\in\System.Security.Principal.dll"
"Message",Normal,"L'assembly 'System.ServiceModel.dll' se trouve dans plusieurs dossiers."
"Message",Normal,"file:///C:/ProjetsGIT/ionic-plugin-egee/src/windows/_lib/Egee/obj/x86/Release/ilc/in/System.ServiceModel.dll"
"Message",Normal,"C:\ProjetsGIT\ionic-plugin-egee\src\windows\_lib\Egee\obj\x86\Release\ilc\in\System.ServiceModel.dll"
"Message",Normal,"L'assembly 'System.ServiceModel.Duplex.dll' se trouve dans plusieurs dossiers."
"Message",Normal,"file:///C:/ProjetsGIT/ionic-plugin-egee/src/windows/_lib/Egee/obj/x86/Release/ilc/in/System.ServiceModel.Duplex.dll"
"Message",Normal,"C:\ProjetsGIT\ionic-plugin-egee\src\windows\_lib\Egee\obj\x86\Release\ilc\in\System.ServiceModel.Duplex.dll"
"Message",Normal,"L'assembly 'System.ServiceModel.Http.dll' se trouve dans plusieurs dossiers."
"Message",Normal,"file:///C:/ProjetsGIT/ionic-plugin-egee/src/windows/_lib/Egee/obj/x86/Release/ilc/in/System.ServiceModel.Http.dll"
"Message",Normal,"C:\ProjetsGIT\ionic-plugin-egee\src\windows\_lib\Egee\obj\x86\Release\ilc\in\System.ServiceModel.Http.dll"
"Message",Normal,"L'assembly 'System.ServiceModel.NetTcp.dll' se trouve dans plusieurs dossiers."
"Message",Normal,"file:///C:/ProjetsGIT/ionic-plugin-egee/src/windows/_lib/Egee/obj/x86/Release/ilc/in/System.ServiceModel.NetTcp.dll"
"Message",Normal,"C:\ProjetsGIT\ionic-plugin-egee\src\windows\_lib\Egee\obj\x86\Release\ilc\in\System.ServiceModel.NetTcp.dll"
"Message",Normal,"L'assembly 'System.ServiceModel.Primitives.dll' se trouve dans plusieurs dossiers."
"Message",Normal,"file:///C:/ProjetsGIT/ionic-plugin-egee/src/windows/_lib/Egee/obj/x86/Release/ilc/in/System.ServiceModel.Primitives.dll"
"Message",Normal,"C:\ProjetsGIT\ionic-plugin-egee\src\windows\_lib\Egee\obj\x86\Release\ilc\in\System.ServiceModel.Primitives.dll"
"Message",Normal,"L'assembly 'System.ServiceModel.Security.dll' se trouve dans plusieurs dossiers."
"Message",Normal,"file:///C:/ProjetsGIT/ionic-plugin-egee/src/windows/_lib/Egee/obj/x86/Release/ilc/in/System.ServiceModel.Security.dll"
"Message",Normal,"C:\ProjetsGIT\ionic-plugin-egee\src\windows\_lib\Egee\obj\x86\Release\ilc\in\System.ServiceModel.Security.dll"
"Message",Normal,"L'assembly 'System.ServiceModel.Web.dll' se trouve dans plusieurs dossiers."
"Message",Normal,"file:///C:/ProjetsGIT/ionic-plugin-egee/src/windows/_lib/Egee/obj/x86/Release/ilc/in/System.ServiceModel.Web.dll"
"Message",Normal,"C:\ProjetsGIT\ionic-plugin-egee\src\windows\_lib\Egee\obj\x86\Release\ilc\in\System.ServiceModel.Web.dll"
"Message",Normal,"L'assembly 'System.Text.Encoding.CodePages.dll' se trouve dans plusieurs dossiers."
"Message",Normal,"file:///C:/ProjetsGIT/ionic-plugin-egee/src/windows/_lib/Egee/obj/x86/Release/ilc/in/System.Text.Encoding.CodePages.dll"
"Message",Normal,"C:\ProjetsGIT\ionic-plugin-egee\src\windows\_lib\Egee\obj\x86\Release\ilc\in\System.Text.Encoding.CodePages.dll"
"Message",Normal,"L'assembly 'System.Text.Encoding.dll' se trouve dans plusieurs dossiers."
"Message",Normal,"file:///C:/ProjetsGIT/ionic-plugin-egee/src/windows/_lib/Egee/obj/x86/Release/ilc/in/System.Text.Encoding.dll"
"Message",Normal,"C:\ProjetsGIT\ionic-plugin-egee\src\windows\_lib\Egee\obj\x86\Release\ilc\in\System.Text.Encoding.dll"
"Message",Normal,"L'assembly 'System.Text.Encoding.Extensions.dll' se trouve dans plusieurs dossiers."
"Message",Normal,"file:///C:/ProjetsGIT/ionic-plugin-egee/src/windows/_lib/Egee/obj/x86/Release/ilc/in/System.Text.Encoding.Extensions.dll"
"Message",Normal,"C:\ProjetsGIT\ionic-plugin-egee\src\windows\_lib\Egee\obj\x86\Release\ilc\in\System.Text.Encoding.Extensions.dll"
"Message",Normal,"L'assembly 'System.Text.RegularExpressions.dll' se trouve dans plusieurs dossiers."
"Message",Normal,"file:///C:/ProjetsGIT/ionic-plugin-egee/src/windows/_lib/Egee/obj/x86/Release/ilc/in/System.Text.RegularExpressions.dll"
"Message",Normal,"C:\ProjetsGIT\ionic-plugin-egee\src\windows\_lib\Egee\obj\x86\Release\ilc\in\System.Text.RegularExpressions.dll"
"Message",Normal,"L'assembly 'System.Threading.dll' se trouve dans plusieurs dossiers."
"Message",Normal,"file:///C:/ProjetsGIT/ionic-plugin-egee/src/windows/_lib/Egee/obj/x86/Release/ilc/in/System.Threading.dll"
"Message",Normal,"C:\ProjetsGIT\ionic-plugin-egee\src\windows\_lib\Egee\obj\x86\Release\ilc\in\System.Threading.dll"
"Message",Normal,"L'assembly 'System.Threading.Overlapped.dll' se trouve dans plusieurs dossiers."
"Message",Normal,"file:///C:/ProjetsGIT/ionic-plugin-egee/src/windows/_lib/Egee/obj/x86/Release/ilc/in/System.Threading.Overlapped.dll"
"Message",Normal,"C:\ProjetsGIT\ionic-plugin-egee\src\windows\_lib\Egee\obj\x86\Release\ilc\in\System.Threading.Overlapped.dll"
"Message",Normal,"L'assembly 'System.Threading.Tasks.Dataflow.dll' se trouve dans plusieurs dossiers."
"Message",Normal,"file:///C:/ProjetsGIT/ionic-plugin-egee/src/windows/_lib/Egee/obj/x86/Release/ilc/in/System.Threading.Tasks.Dataflow.dll"
"Message",Normal,"C:\ProjetsGIT\ionic-plugin-egee\src\windows\_lib\Egee\obj\x86\Release\ilc\in\System.Threading.Tasks.Dataflow.dll"
"Message",Normal,"L'assembly 'System.Threading.Tasks.dll' se trouve dans plusieurs dossiers."
"Message",Normal,"file:///C:/ProjetsGIT/ionic-plugin-egee/src/windows/_lib/Egee/obj/x86/Release/ilc/in/System.Threading.Tasks.dll"
"Message",Normal,"C:\ProjetsGIT\ionic-plugin-egee\src\windows\_lib\Egee\obj\x86\Release\ilc\in\System.Threading.Tasks.dll"
"Message",Normal,"L'assembly 'System.Threading.Tasks.Extensions.dll' se trouve dans plusieurs dossiers."
"Message",Normal,"file:///C:/ProjetsGIT/ionic-plugin-egee/src/windows/_lib/Egee/obj/x86/Release/ilc/in/System.Threading.Tasks.Extensions.dll"
"Message",Normal,"C:\ProjetsGIT\ionic-plugin-egee\src\windows\_lib\Egee\obj\x86\Release\ilc\in\System.Threading.Tasks.Extensions.dll"
"Message",Normal,"L'assembly 'System.Threading.Tasks.Parallel.dll' se trouve dans plusieurs dossiers."
"Message",Normal,"file:///C:/ProjetsGIT/ionic-plugin-egee/src/windows/_lib/Egee/obj/x86/Release/ilc/in/System.Threading.Tasks.Parallel.dll"
"Message",Normal,"C:\ProjetsGIT\ionic-plugin-egee\src\windows\_lib\Egee\obj\x86\Release\ilc\in\System.Threading.Tasks.Parallel.dll"
"Message",Normal,"L'assembly 'System.Threading.Timer.dll' se trouve dans plusieurs dossiers."
"Message",Normal,"file:///C:/ProjetsGIT/ionic-plugin-egee/src/windows/_lib/Egee/obj/x86/Release/ilc/in/System.Threading.Timer.dll"
"Message",Normal,"C:\ProjetsGIT\ionic-plugin-egee\src\windows\_lib\Egee\obj\x86\Release\ilc\in\System.Threading.Timer.dll"
"Message",Normal,"L'assembly 'System.Windows.dll' se trouve dans plusieurs dossiers."
"Message",Normal,"file:///C:/ProjetsGIT/ionic-plugin-egee/src/windows/_lib/Egee/obj/x86/Release/ilc/in/System.Windows.dll"
"Message",Normal,"C:\ProjetsGIT\ionic-plugin-egee\src\windows\_lib\Egee\obj\x86\Release\ilc\in\System.Windows.dll"
"Message",Normal,"L'assembly 'System.Xml.dll' se trouve dans plusieurs dossiers."
"Message",Normal,"file:///C:/ProjetsGIT/ionic-plugin-egee/src/windows/_lib/Egee/obj/x86/Release/ilc/in/System.Xml.dll"
"Message",Normal,"C:\ProjetsGIT\ionic-plugin-egee\src\windows\_lib\Egee\obj\x86\Release\ilc\in\System.Xml.dll"
"Message",Normal,"L'assembly 'System.Xml.Linq.dll' se trouve dans plusieurs dossiers."
"Message",Normal,"file:///C:/ProjetsGIT/ionic-plugin-egee/src/windows/_lib/Egee/obj/x86/Release/ilc/in/System.Xml.Linq.dll"
"Message",Normal,"C:\ProjetsGIT\ionic-plugin-egee\src\windows\_lib\Egee\obj\x86\Release\ilc\in\System.Xml.Linq.dll"
"Message",Normal,"L'assembly 'System.Xml.ReaderWriter.dll' se trouve dans plusieurs dossiers."
"Message",Normal,"file:///C:/ProjetsGIT/ionic-plugin-egee/src/windows/_lib/Egee/obj/x86/Release/ilc/in/System.Xml.ReaderWriter.dll"
"Message",Normal,"C:\ProjetsGIT\ionic-plugin-egee\src\windows\_lib\Egee\obj\x86\Release\ilc\in\System.Xml.ReaderWriter.dll"
"Message",Normal,"L'assembly 'System.Xml.Serialization.dll' se trouve dans plusieurs dossiers."
"Message",Normal,"file:///C:/ProjetsGIT/ionic-plugin-egee/src/windows/_lib/Egee/obj/x86/Release/ilc/in/System.Xml.Serialization.dll"
"Message",Normal,"C:\ProjetsGIT\ionic-plugin-egee\src\windows\_lib\Egee\obj\x86\Release\ilc\in\System.Xml.Serialization.dll"
"Message",Normal,"L'assembly 'System.Xml.XDocument.dll' se trouve dans plusieurs dossiers."
"Message",Normal,"file:///C:/ProjetsGIT/ionic-plugin-egee/src/windows/_lib/Egee/obj/x86/Release/ilc/in/System.Xml.XDocument.dll"
"Message",Normal,"C:\ProjetsGIT\ionic-plugin-egee\src\windows\_lib\Egee\obj\x86\Release\ilc\in\System.Xml.XDocument.dll"
"Message",Normal,"L'assembly 'System.Xml.XmlDocument.dll' se trouve dans plusieurs dossiers."
"Message",Normal,"file:///C:/ProjetsGIT/ionic-plugin-egee/src/windows/_lib/Egee/obj/x86/Release/ilc/in/System.Xml.XmlDocument.dll"
"Message",Normal,"C:\ProjetsGIT\ionic-plugin-egee\src\windows\_lib\Egee\obj\x86\Release\ilc\in\System.Xml.XmlDocument.dll"
"Message",Normal,"L'assembly 'System.Xml.XmlSerializer.dll' se trouve dans plusieurs dossiers."
"Message",Normal,"file:///C:/ProjetsGIT/ionic-plugin-egee/src/windows/_lib/Egee/obj/x86/Release/ilc/in/System.Xml.XmlSerializer.dll"
"Message",Normal,"C:\ProjetsGIT\ionic-plugin-egee\src\windows\_lib\Egee\obj\x86\Release\ilc\in\System.Xml.XmlSerializer.dll"
"Message",Normal,"L'assembly 'Egee.exe' se trouve dans plusieurs dossiers."
"Message",Normal,"file:///C:/ProjetsGIT/ionic-plugin-egee/src/windows/_lib/Egee/obj/x86/Release/ilc/intermediate/PreMergeILTransformed/Egee.exe"
"Message",Normal,"C:\ProjetsGIT\ionic-plugin-egee\src\windows\_lib\Egee\obj\x86\Release\ilc\in\Egee.exe"
"Message",Normal,"Le type 'System.DBNull' se trouve dans plusieurs assemblys."
"Message",Normal,"file:///C:/ProjetsGIT/ionic-plugin-egee/src/windows/_lib/Egee/obj/x86/Release/ilc/in/System.Data.Common.dll"
"Message",Normal,"file:///C:/Users/gla/.nuget/packages/microsoft.net.native.compiler/1.7.0/tools/x86/ilc/lib/Private/System.Private.Reflection.Core.dll"
"Message",Normal,"Le type 'System.Reflection.BindingFlags' se trouve dans plusieurs assemblys."
"Message",Normal,"file:///C:/ProjetsGIT/ionic-plugin-egee/src/windows/_lib/Egee/obj/x86/Release/ilc/in/System.Reflection.TypeExtensions.dll"
"Message",Normal,"file:///C:/Users/gla/.nuget/packages/microsoft.net.native.compiler/1.7.0/tools/x86/ilc/lib/Private/System.Private.Reflection.dll"
"Message",Normal,"sg.exe(0,0) : avertissement : SG0002 : impossible de générer le code de sérialisation pour le type 'Egee.Proxy.Sappel.InitResponse'"
"Message",Normal,"Sérialisation du type 'Egee.Proxy.Sappel.InitResponse' impossible. Marquez-le avec l'attribut DataContractAttribute et marquez tous ses membres devant être sérialisés avec l'attribut DataMemberAttribute. Si le type est une collection, marquez-le avec CollectionDataContractAttribute. Consultez la documentation Microsoft .NET Framework pour connaître les autres types pris en charge."
"Message",Normal,"."
"Message",Normal,"sg.exe(0,0) : avertissement : SG0002 : impossible de générer le code de sérialisation pour le type 'Egee.Proxy.Sappel.InitRequest'"
"Message",Normal,"Sérialisation du type 'Egee.Proxy.Sappel.InitRequest' impossible. Marquez-le avec l'attribut DataContractAttribute et marquez tous ses membres devant être sérialisés avec l'attribut DataMemberAttribute. Si le type est une collection, marquez-le avec CollectionDataContractAttribute. Consultez la documentation Microsoft .NET Framework pour connaître les autres types pris en charge."
"Message",Normal,"."
"Message",Normal,"sg.exe(0,0) : avertissement : SG0002 : impossible de générer le code de sérialisation pour le type 'Egee.Proxy.Sappel.GetVersionResponse'"
"Message",Normal,"Sérialisation du type 'Egee.Proxy.Sappel.GetVersionResponse' impossible. Marquez-le avec l'attribut DataContractAttribute et marquez tous ses membres devant être sérialisés avec l'attribut DataMemberAttribute. Si le type est une collection, marquez-le avec CollectionDataContractAttribute. Consultez la documentation Microsoft .NET Framework pour connaître les autres types pris en charge."
"Message",Normal,"."
"Message",Normal,"sg.exe(0,0) : avertissement : SG0002 : impossible de générer le code de sérialisation pour le type 'Egee.Proxy.Sappel.GetVersionRequest'"
"Message",Normal,"Sérialisation du type 'Egee.Proxy.Sappel.GetVersionRequest' impossible. Marquez-le avec l'attribut DataContractAttribute et marquez tous ses membres devant être sérialisés avec l'attribut DataMemberAttribute. Si le type est une collection, marquez-le avec CollectionDataContractAttribute. Consultez la documentation Microsoft .NET Framework pour connaître les autres types pris en charge."
"Message",Normal,"."
"Message",High,"Generating System.Reflection.DispatchProxy proxy code."
"Message",Normal,"Compiling generated source code: C:\Users\gla\.nuget\packages\microsoft.net.native.compiler\1.7.0\tools\x86\ilc\csc\csc.exe /noconfig @""C:\ProjetsGIT\ionic-plugin-egee\src\windows\_lib\Egee\obj\x86\Release\ilc\intermediate\Egee.ITFProxy.rsp"""
"Message",Normal,"Running 'DumpNativeResources' transform, heap at 225 MB."
"Message",Normal,"Running 'ReducedCopyInitialize' transform, heap at 225 MB."
"Message",Normal,"Running 'ReducedCopyEmptyTypes' transform, heap at 249 MB."
"Message",Normal,"Running 'ReducedCopyPopulateTypes' transform, heap at 253 MB."
"Message",Normal,"Running 'ReducedCopyLateMetadata' transform, heap at 278 MB."
"Message",Normal,"Running 'ReducedCopyMethodBodies' transform, heap at 218 MB."
"Message",Normal,"Running 'ReducedCopyComplete' transform, heap at 263 MB."
"Message",Normal,"Running 'ReducedCopyCleanup' transform, heap at 284 MB."
"Message",Normal,"Running 'DeveloperExperienceModeOnlyCodeRemover' transform, heap at 71 MB."
"Message",Normal,"Running 'ComImportDetector' transform, heap at 79 MB."
"Message",Normal,"Running 'McgAccessor' transform, heap at 79 MB."
"Message",Normal,"Running 'McgRedirect' transform, heap at 80 MB."
"Message",Normal,"Running 'McgRedirect' transform, heap at 84 MB."
"Message",Normal,"Running 'McgTypeOf' transform, heap at 85 MB."
"Message",Normal,"Running 'ExceptionMiniaturizer' transform, heap at 93 MB."
"Message",Normal,"Running 'EventSource' transform, heap at 105 MB."
"Message",Normal,"Running 'ValueType' transform, heap at 105 MB."
"Message",Normal,"Running 'Attribute' transform, heap at 105 MB."
"Message",Normal,"Running 'GetType' transform, heap at 106 MB."
"Message",Normal,"Running 'McgFixups' transform, heap at 106 MB."
"Message",Normal,"Running 'ResourceManagerCtor' transform, heap at 107 MB."
"Message",Normal,"Running 'TypeofTypeHandle' transform, heap at 107 MB."
"Message",Normal,"Running 'DispatchProxyIntrinsics' transform, heap at 110 MB."
"Message",Normal,"Running 'StaticInitData' transform, heap at 111 MB."
"Message",Normal,"Running 'StartupCodeInjector' transform, heap at 121 MB."
"Message",Normal,"Running 'InjectAppContextSwitches' transform, heap at 121 MB."
"Message",Normal,"Running 'ImplementLibraryDynamicInvokeHelpers' transform, heap at 121 MB."
"Message",Normal,"Running 'Delegate' transform, heap at 121 MB."
"Message",Normal,"Running 'DelegateCtorCall' transform, heap at 128 MB."
"Message",Normal,"Running 'LazyGenerics' transform, heap at 129 MB."
"Message",Normal,"Running 'AddReflectionBlockedAttributes' transform, heap at 153 MB."
"Message",Normal,"Running 'DisableOptimization' transform, heap at 153 MB."
"Message",Normal,"Running 'CreateMetadata' transform, heap at 153 MB."
"Message",Normal,"Running 'SaveRVAStatics' transform, heap at 167 MB."
"Message",Normal,"Running 'ReflectionInvoke' transform, heap at 169 MB."
"Message",Normal,"Running 'ScrubOpenCalls' transform, heap at 169 MB."
"Message",Normal,"Running 'ConvertCatchIntoFilter' transform, heap at 169 MB."
"Message",Normal,"Running 'ReflectionMappingInfoEmit' transform, heap at 170 MB."
"Message",Normal,"Running 'ConvertManagedWinMD' transform, heap at 170 MB."
"Message",Normal,"Running 'Reducer' transform, heap at 170 MB."
"Message",High,"Cleaning up unreferenced code"
"Message",Normal,"Running 'WriteAssemblies' transform, heap at 138 MB."
"Message",Normal,""
"Message",Normal,"Transform summary"
"Message",Normal,"    ms | heap delta | name"
"Message",Normal,"  6648 |        184 | Analysis"
"Message",Normal,"  6130 |          1 | GenerateCodeAndCompile"
"Message",Normal,"  2017 |         68 | WriteAssemblies"
"Message",Normal,"  1735 |        -32 | Reducer"
"Message",Normal,"   909 |         -1 | Mcg"
"Message",Normal,"   760 |         24 | ReducedCopyInitialize"
"Message",Normal,"   294 |         14 | CreateMetadata"
"Message",Normal,"   215 |         45 | ReducedCopyMethodBodies"
"Message",Normal,"   200 |         21 | ReducedCopyComplete"
"Message",Normal,"   168 |         25 | ReducedCopyPopulateTypes"
"Message",Normal,"   138 |        -60 | ReducedCopyLateMetadata"
"Message",Normal,"   138 |          8 | McgTypeOf"
"Message",Normal,"   122 |         24 | LazyGenerics"
"Message",Normal,"   119 |         10 | StaticInitData"
"Message",Normal,"   103 |          4 | McgRedirect"
"Message",Normal,"    83 |       -213 | ReducedCopyCleanup"
"Message",Normal,"    77 |         12 | ExceptionMiniaturizer"
"Message",Normal,"    57 |          1 | McgRedirect"
"Message",Normal,"    38 |          7 | Delegate"
"Message",Normal,"    33 |          3 | TypeofTypeHandle"
"Message",Normal,"    27 |          1 | DelegateCtorCall"
"Message",Normal,"    20 |          2 | SaveRVAStatics"
"Message",Normal,"    19 |          4 | ReducedCopyEmptyTypes"
"Message",Normal,"    17 |          1 | McgFixups"
"Message",Normal,"    16 |          1 | McgAccessor"
"Message",Normal,"    14 |          0 | GetType"
"Message",Normal,"    11 |          1 | DispatchProxyIntrinsics"
"Message",Normal,"    11 |          0 | ValueType"
"Message",Normal,"    10 |          0 | ScrubOpenCalls"
"Message",Normal,"    10 |          0 | StartupCodeInjector"
"Message",Normal,"     9 |          8 | DeveloperExperienceModeOnlyCodeRemover"
"Message",Normal,"     6 |          0 | ReflectionMappingInfoEmit"
"Message",Normal,"     6 |          0 | ReflectionInvoke"
"Message",Normal,"     6 |          1 | ConvertCatchIntoFilter"
"Message",Normal,"     5 |          0 | DumpNativeResources"
"Message",Normal,"     4 |          1 | Attribute"
"Message",Normal,"     3 |          0 | ResourceManagerCtor"
"Message",Normal,"     3 |          0 | EventSource"
"Message",Normal,"     2 |          0 | AddReflectionBlockedAttributes"
"Message",Normal,"     1 |          0 | ComImportDetector"
"Message",Normal,"     1 |          0 | InjectAppContextSwitches"
"Message",Normal,"     0 |          0 | DisableOptimization"
"Message",Normal,"     0 |          0 | ImplementLibraryDynamicInvokeHelpers"
"Message",Normal,"     0 |          0 | ConvertManagedWinMD"
"Message",Low,"Fin de l'exécution de la tâche ""RunILTransforms""."
"Message",Low,"Génération de la cible ""RunILTransforms"" terminée dans le fichier ""ILTransforms""."
"Message",Low,"Génération du projet ""ILTransforms"" terminée."
"Message",Low,""
"Message",Low,""
"Message",Low,"Génération de la cible ""GenerateMDIL"" terminée dans le fichier ""Nutc""."
"Message",Low,""
"Message",High,"Génération du code natif"
"Message",Low,"Génération de la cible ""MDILPrepareMultiFile"" terminée dans le fichier ""Nutc""."
"Message",Low,""
"Message",Low,"Génération de la cible ""SetBinaryForReferences"" terminée dans le fichier ""Nutc""."
"Message",Low,""
"Message",Low,"Tâche ""GenerateMDILGlobalAnalysis"""
"Message",Normal,"Launching 'C:\Users\gla\.nuget\packages\microsoft.net.native.compiler\1.7.0\tools\x86\ilc\Tools\nutc_driver.exe @""C:\ProjetsGIT\ionic-plugin-egee\src\windows\_lib\Egee\obj\x86\Release\ilc\intermediate\MDIL\Egee.rsp""'"
"Message",Low,"Microsoft (R) MDIL Compiler - Version 1.7.25531.01"
"Message",Low,"Copyright (c) Microsoft Corporation.  All rights reserved."
"Message",Low,"Analyse des types d'entrée"
"Message",Low,"Analyse de 3169 méthodes."
"Message",Low,"Analyse de 4713 méthodes."
"Message",Low,"Analyse de 3252 méthodes."
"Message",Low,"Analyse de 2699 méthodes."
"Message",Low,"Analyse de 2553 méthodes."
"Message",Low,"Analyse de 2508 méthodes."
"Message",Low,"Analyse de 1974 méthodes."
"Message",Low,"Analyse de 1728 méthodes."
"Message",Low,"Analyse de 1354 méthodes."
"Message",Low,"Analyse de 1010 méthodes."
"Message",Low,"Analyse de 834 méthodes."
"Message",Low,"Analyse de 690 méthodes."
"Message",Low,"Analyse de 595 méthodes."
"Message",Low,"Analyse de 557 méthodes."
"Message",Low,"Analyse de 405 méthodes."
"Message",Low,"Analyse de 289 méthodes."
"Message",Low,"Analyse de 229 méthodes."
"Message",Low,"Analyse de 153 méthodes."
"Message",Low,"Analyse de 75 méthodes."
"Message",Low,"Analyse de 49 méthodes."
"Message",Low,"Analyse de 35 méthodes."
"Message",Low,"Analyse de 10 méthodes."
"Message",Low,"Analyse de 7 méthodes."
"Message",Low,"Analyse de 3 méthodes."
"Message",Low,"Génération de code hâtive"
"Message",Low,"Compilation de 28891 méthodes."
"Message",Low,"Génération de code différée"
"Message",Low,"Compilation de 1 méthodes."
"Message",Low,"Compilation de 29 méthodes."
"Message",Low,"Génération réussie de 'C:\ProjetsGIT\ionic-plugin-egee\src\windows\_lib\Egee\obj\x86\Release\ilc\intermediate\MDIL\Egee.mdilexe'"
"Message",Low,"Génération réussie de 'C:\ProjetsGIT\ionic-plugin-egee\src\windows\_lib\Egee\obj\x86\Release\ilc\intermediate\MDIL\Egee.mdilpdb'"
"Message",Normal,"'C:\Users\gla\.nuget\packages\microsoft.net.native.compiler\1.7.0\tools\x86\ilc\Tools\nutc_driver.exe @""C:\ProjetsGIT\ionic-plugin-egee\src\windows\_lib\Egee\obj\x86\Release\ilc\intermediate\MDIL\Egee.rsp""' completed."
"Message",Normal,"Process execution statistics (all times in milliseconds)"
"Message",Normal,"-----------------------------------------------------------------------------"
"Message",Normal,"launch  |  start   |   stop   |   end    | duration | lifetime | [slot] name"
"Message",Normal,"-----------------------------------------------------------------------------"
"Message",Normal,"       0 |        0 |    14235 |    14235 |    14235 |    14235 | [0] Nutc GlobalAnalysis"
"Message",Normal,"Number of commands:      1"
"Message",Normal,"Total system time:       14235 ms"
"Message",Normal,"System time per command: 14235 ms"
"Message",Normal,"Total duration:          14235 ms"
"Message",Normal,"Total lifetime:          14235 ms"
"Message",Normal,"Requested DOP:           8"
"Message",Normal,"Duration DOP:            1,0"
"Message",Normal,"Lifetime DOP:            1,0"
"Message",Low,"Fin de l'exécution de la tâche ""GenerateMDILGlobalAnalysis""."
"Message",Low,"Génération de la cible ""GenerateMDILGlobalAnalysis"" terminée dans le fichier ""Nutc""."
"Message",Low,""
"Message",Low,"Tâche ""rc"""
"Message",Normal,"Launching 'C:\Program Files (x86)\Windows Kits\10\bin\10.0.15063.0\x64\rc.exe /c ""65001"" /r /fo ""C:\ProjetsGIT\ionic-plugin-egee\src\windows\_lib\Egee\obj\x86\Release\ilc\intermediate\BuildInfo\BuildInfo.res"" ""C:\ProjetsGIT\ionic-plugin-egee\src\windows\_lib\Egee\obj\x86\Release\ilc\intermediate\BuildInfo\BuildInfo.rc""'"
"Message",Low,"Microsoft (R) Windows (R) Resource Compiler Version 10.0.10011.16384"
"Message",Low,"Copyright (C) Microsoft Corporation.  All rights reserved."
"Message",Normal,"'C:\Program Files (x86)\Windows Kits\10\bin\10.0.15063.0\x64\rc.exe /c ""65001"" /r /fo ""C:\ProjetsGIT\ionic-plugin-egee\src\windows\_lib\Egee\obj\x86\Release\ilc\intermediate\BuildInfo\BuildInfo.res"" ""C:\ProjetsGIT\ionic-plugin-egee\src\windows\_lib\Egee\obj\x86\Release\ilc\intermediate\BuildInfo\BuildInfo.rc""' completed."
"Message",Normal,"Process execution statistics (all times in milliseconds)"
"Message",Normal,"-----------------------------------------------------------------------------"
"Message",Normal,"launch  |  start   |   stop   |   end    | duration | lifetime | [slot] name"
"Message",Normal,"-----------------------------------------------------------------------------"
"Message",Normal,"       0 |       15 |       47 |       47 |       32 |       47 | [0] rc"
"Message",Normal,"Number of commands:      1"
"Message",Normal,"Total system time:       47 ms"
"Message",Normal,"System time per command: 47 ms"
"Message",Normal,"Total duration:          32 ms"
"Message",Normal,"Total lifetime:          47 ms"
"Message",Normal,"Requested DOP:           8"
"Message",Normal,"Duration DOP:            0,7"
"Message",Normal,"Lifetime DOP:            1,0"
"Message",Low,"Fin de l'exécution de la tâche ""rc""."
"Message",Low,"Tâche ""ResourceBinaryConcatenate"""
"Message",Normal,"Concatenating into 'C:\ProjetsGIT\ionic-plugin-egee\src\windows\_lib\Egee\obj\x86\Release\ilc\intermediate\Native.res' with alignment '4'."
"Message",Normal," Added 'C:\ProjetsGIT\ionic-plugin-egee\src\windows\_lib\Egee\obj\x86\Release\ilc\intermediate\ILTransformed\Egee.res' at offset 0."
"Message",Normal," Added 'C:\ProjetsGIT\ionic-plugin-egee\src\windows\_lib\Egee\obj\x86\Release\ilc\intermediate\BuildInfo\BuildInfo.res' at offset 1444."
"Message",Low,"Fin de l'exécution de la tâche ""ResourceBinaryConcatenate""."
"Message",Low,"Génération de la cible ""GenerateBuildInfo"" terminée dans le fichier ""Nutc""."
"Message",Low,"Génération du projet ""Nutc"" terminée."
"Message",Low,""
"Message",Low,""
"Message",Low,"Génération de la cible ""MDILBindPrepare"" terminée dans le fichier ""Binder""."
"Message",Low,""
"Message",High,"Génération de corrections pour le code natif"
"Message",Low,"Tâche ""MDILBind"""
"Message",Normal,"Launching 'C:\Users\gla\.nuget\packages\microsoft.net.native.compiler\1.7.0\tools\x86\ilc\Tools\rhbind.exe @""C:\ProjetsGIT\ionic-plugin-egee\src\windows\_lib\Egee\obj\x86\Release\ilc\intermediate\rhbindargs.Egee.rsp""'"
"Message",Low,"VERSION DE SYSTÈME D'EXPLOITATION : principale : 6  secondaire : 2"
"Message",Low,"MDIL : C:\ProjetsGIT\ionic-plugin-egee\src\windows\_lib\Egee\obj\x86\Release\ilc\intermediate\MDIL\Egee.mdilexe"
"Message",Low,"MDILPDB : C:\ProjetsGIT\ionic-plugin-egee\src\windows\_lib\Egee\obj\x86\Release\ilc\intermediate\MDIL\Egee.mdilpdb"
"Message",Low,"IL : C:\ProjetsGIT\ionic-plugin-egee\src\windows\_lib\Egee\obj\x86\Release\ilc\intermediate\MDIL\Egee.ilexe"
"Message",Low,"NI : C:\ProjetsGIT\ionic-plugin-egee\src\windows\_lib\Egee\obj\x86\Release\ilc\intermediate\Native\Egee.dll"
"Message",Low,"SHIM : C:\ProjetsGIT\ionic-plugin-egee\src\windows\_lib\Egee\obj\x86\Release\ilc\intermediate\Native\Egee.exe"
"Message",Low,"REDHAWK_RUNTIME_DLL_NAME_A=mrt100_app.dll"
"Message",Low,"pdb : C:\ProjetsGIT\ionic-plugin-egee\src\windows\_lib\Egee\obj\x86\Release\ilc\intermediate\Native\Egee.pdb"
"Message",Low,"C:\ProjetsGIT\ionic-plugin-egee\src\windows\_lib\Egee\obj\x86\Release\ilc\intermediate\Native\Egee.dll produits en 1.540 secondes"
"Message",Normal,"'C:\Users\gla\.nuget\packages\microsoft.net.native.compiler\1.7.0\tools\x86\ilc\Tools\rhbind.exe @""C:\ProjetsGIT\ionic-plugin-egee\src\windows\_lib\Egee\obj\x86\Release\ilc\intermediate\rhbindargs.Egee.rsp""' completed."
"Message",Normal,"Process execution statistics (all times in milliseconds)"
"Message",Normal,"-----------------------------------------------------------------------------"
"Message",Normal,"launch  |  start   |   stop   |   end    | duration | lifetime | [slot] name"
"Message",Normal,"-----------------------------------------------------------------------------"
"Message",Normal,"       0 |        0 |     1562 |     1562 |     1562 |     1562 | [0] rhbind Egee"
"Message",Normal,"Number of commands:      1"
"Message",Normal,"Total system time:       1562 ms"
"Message",Normal,"System time per command: 1562 ms"
"Message",Normal,"Total duration:          1562 ms"
"Message",Normal,"Total lifetime:          1562 ms"
"Message",Normal,"Requested DOP:           8"
"Message",Normal,"Duration DOP:            1,0"
"Message",Normal,"Lifetime DOP:            1,0"
"Message",Low,"Fin de l'exécution de la tâche ""MDILBind""."
"Message",Low,"Génération de la cible ""MDILBind"" terminée dans le fichier ""Binder""."
"Message",Low,"Génération du projet ""Binder"" terminée."
"Message",Low,""
"Message",Low,""
"Message",Low,"Génération de la cible ""CopyNativeExecutablesToOutput"" terminée dans le fichier ""Deployment""."
"Message",Low,""
"Message",Low,"Tâche ""TransformAppxManifest"""
"Message",Low,"Fin de l'exécution de la tâche ""TransformAppxManifest""."
"Message",Low,"Génération de la cible ""TransformAppxManifestAndAddCrt"" terminée dans le fichier ""Deployment""."
"Message",Low,""
"Message",Low,"Génération de la cible ""CopyPackageResourceFileInRetailBuild"" terminée dans le fichier ""Deployment""."
"Message",Low,"Génération du projet ""Deployment"" terminée."
"Message",Low,"Fin de la compilation"
